00000000000000000000000000000000000000000000000000000000000000000000000000000000000000000000000000000000000000000000000000000000000000000000000000000000000000000000000000000000000000000000000300000000000000000000000000000000000000000000000000000000000000000000000000000000000000000000000000000000000000000000000000000000
00000000000000000000000000000000000000000000000000000000000000000000000000000000000000000000000000000000000000000000000000000001000000000000000000000000000000000000000000000000000000000000000300000000000000000000000000000000000000000000000000000000000000000000000000000000000000000000000000000000000000000000000000000000
00000000000000000000000000000000000000000000000000000000000000000000000000000000000000000000000000000000000000000000000000000001000000000000000000000000000000000000000000000000000000000000000300000000000000000000000000000000000000000000000000000000000000000000000000000000000000000000000000000000000000000000000000000000
00000000000000000000000000000000000000000000000000000000000000000000000000000000000000000000000000000000000000000000000000000001000000000000000000000000000000000000000000000000000000000000000300000000000000000000000000000000000000000000000000000000000000000000000000000000000000000000000000000000000000000000000000000000
00000000000000000000000000000000000000000000000000000000000000000000000000000000000000000000000000000000000000000000000000000002000000000000000000000000000000000000000000000000000000000000000300000000000000000000000000000000000000000000000000000000000000000000000000000000000000000000000000000000000000000000000000000000
00000000000000000000000000000000000000000000000000000000000000010000000000000000000000000000000000000000000000000000000000000000000000000000000000000000000000000000000000000000000000000000000300000000000000000000000000000000000000000000000000000000000000000000000000000000000000000000000000000000000000000000000000000000
00000000000000000000000000000000000000000000000000000000000000010000000000000000000000000000000000000000000000000000000000000001000000000000000000000000000000000000000000000000000000000000000300000000000000000000000000000000000000000000000000000000000000010000000000000000000000000000000000000000000000000000000000000001
00000000000000000000000000000000000000000000000000000000000000010000000000000000000000000000000000000000000000000000000000000001000000000000000000000000000000000000000000000000000000000000000300000000000000000000000000000000000000000000000000000000000000010000000000000000000000000000000000000000000000000000000000000001
00000000000000000000000000000000000000000000000000000000000000010000000000000000000000000000000000000000000000000000000000000001000000000000000000000000000000000000000000000000000000000000000300000000000000000000000000000000000000000000000000000000000000010000000000000000000000000000000000000000000000000000000000000001
00000000000000000000000000000000000000000000000000000000000000010000000000000000000000000000000000000000000000000000000000000002000000000000000000000000000000000000000000000000000000000000000300000000000000000000000000000000000000000000000000000000000000020000000000000000000000000000000000000000000000000000000000000002
00000000000000000000000000000000000000000000000000000000000000010000000000000000000000000000000000000000000000000000000000000000000000000000000000000000000000000000000000000000000000000000000300000000000000000000000000000000000000000000000000000000000000000000000000000000000000000000000000000000000000000000000000000000
00000000000000000000000000000000000000000000000000000000000000010000000000000000000000000000000000000000000000000000000000000001000000000000000000000000000000000000000000000000000000000000000300000000000000000000000000000000000000000000000000000000000000010000000000000000000000000000000000000000000000000000000000000001
00000000000000000000000000000000000000000000000000000000000000010000000000000000000000000000000000000000000000000000000000000001000000000000000000000000000000000000000000000000000000000000000300000000000000000000000000000000000000000000000000000000000000010000000000000000000000000000000000000000000000000000000000000001
00000000000000000000000000000000000000000000000000000000000000010000000000000000000000000000000000000000000000000000000000000001000000000000000000000000000000000000000000000000000000000000000300000000000000000000000000000000000000000000000000000000000000010000000000000000000000000000000000000000000000000000000000000001
00000000000000000000000000000000000000000000000000000000000000010000000000000000000000000000000000000000000000000000000000000002000000000000000000000000000000000000000000000000000000000000000300000000000000000000000000000000000000000000000000000000000000020000000000000000000000000000000000000000000000000000000000000002
00000000000000000000000000000000000000000000000000000000000000010000000000000000000000000000000000000000000000000000000000000000000000000000000000000000000000000000000000000000000000000000000300000000000000000000000000000000000000000000000000000000000000000000000000000000000000000000000000000000000000000000000000000000
00000000000000000000000000000000000000000000000000000000000000010000000000000000000000000000000000000000000000000000000000000001000000000000000000000000000000000000000000000000000000000000000300000000000000000000000000000000000000000000000000000000000000010000000000000000000000000000000000000000000000000000000000000001
00000000000000000000000000000000000000000000000000000000000000010000000000000000000000000000000000000000000000000000000000000001000000000000000000000000000000000000000000000000000000000000000300000000000000000000000000000000000000000000000000000000000000010000000000000000000000000000000000000000000000000000000000000001
00000000000000000000000000000000000000000000000000000000000000010000000000000000000000000000000000000000000000000000000000000001000000000000000000000000000000000000000000000000000000000000000300000000000000000000000000000000000000000000000000000000000000010000000000000000000000000000000000000000000000000000000000000001
00000000000000000000000000000000000000000000000000000000000000010000000000000000000000000000000000000000000000000000000000000002000000000000000000000000000000000000000000000000000000000000000300000000000000000000000000000000000000000000000000000000000000020000000000000000000000000000000000000000000000000000000000000002
00000000000000000000000000000000000000000000000000000000000000020000000000000000000000000000000000000000000000000000000000000000000000000000000000000000000000000000000000000000000000000000000300000000000000000000000000000000000000000000000000000000000000000000000000000000000000000000000000000000000000000000000000000000
00000000000000000000000000000000000000000000000000000000000000020000000000000000000000000000000000000000000000000000000000000001000000000000000000000000000000000000000000000000000000000000000300000000000000000000000000000000000000000000000000000000000000020000000000000000000000000000000000000000000000000000000000000002
00000000000000000000000000000000000000000000000000000000000000020000000000000000000000000000000000000000000000000000000000000001000000000000000000000000000000000000000000000000000000000000000300000000000000000000000000000000000000000000000000000000000000020000000000000000000000000000000000000000000000000000000000000002
00000000000000000000000000000000000000000000000000000000000000020000000000000000000000000000000000000000000000000000000000000001000000000000000000000000000000000000000000000000000000000000000300000000000000000000000000000000000000000000000000000000000000020000000000000000000000000000000000000000000000000000000000000002
00000000000000000000000000000000000000000000000000000000000000020000000000000000000000000000000000000000000000000000000000000002000000000000000000000000000000000000000000000000000000000000000300000000000000000000000000000000000000000000000000000000000000010000000000000000000000000000000000000000000000000000000000000001
00000000000000000000000000000000000000000000000000000000000000010000000000000000000000000000000000000000000000000000000000000002000000000000000000000000000000000000000000000000000000000000000300000000000000000000000000000000000000000000000000000000000000020000000000000000000000000000000000000000000000000000000000000002
00000000000000000000000000000000000000000000000000000000000000020000000000000000000000000000000000000000000000000000000000000001000000000000000000000000000000000000000000000000000000000000000300000000000000000000000000000000000000000000000000000000000000020000000000000000000000000000000000000000000000000000000000000002
00000000000000000000000000000000000000000000000000000000000000000000000000000000000000000000000000000000000000000000000000000001000000000000000000000000000000000000000000000000000000000000000300000000000000000000000000000000000000000000000000000000000000000000000000000000000000000000000000000000000000000000000000000000
00000000000000000000000000000000000000000000000000000000000000000000000000000000000000000000000000000000000000000000000000000000000000000000000000000000000000000000000000000000000000000000000300000000000000000000000000000000000000000000000000000000000000000000000000000000000000000000000000000000000000000000000000000000
00000000000000000000000000000000000000000000000000000000000000010000000000000000000000000000000000000000000000000000000000000000000000000000000000000000000000000000000000000000000000000000000300000000000000000000000000000000000000000000000000000000000000000000000000000000000000000000000000000000000000000000000000000000
00000000000000000000000000000000000000000000000000000000000000010000000000000000000000000000000000000000000000000000000000000002000000000000000000000000000000000000000000000000000000000000000300000000000000000000000000000000000000000000000000000000000000020000000000000000000000000000000000000000000000000000000000000002
00000000000000000000000000000000000000000000000000000000000000020000000000000000000000000000000000000000000000000000000000000001000000000000000000000000000000000000000000000000000000000000000300000000000000000000000000000000000000000000000000000000000000020000000000000000000000000000000000000000000000000000000000000002
00000000000000000000000000000000000000000000000000000000000000020000000000000000000000000000000000000000000000000000000000000000000000000000000000000000000000000000000000000000000000000000000300000000000000000000000000000000000000000000000000000000000000000000000000000000000000000000000000000000000000000000000000000000
00000000000000000000000000000000000000000000000000000000000000020000000000000000000000000000000000000000000000000000000000000000000000000000000000000000000000000000000000000000000000000000000300000000000000000000000000000000000000000000000000000000000000000000000000000000000000000000000000000000000000000000000000000000
00000000000000000000000000000000000000000000000000000000000000010000000000000000000000000000000000000000000000000000000000000001000000000000000000000000000000000000000000000000000000000000000300000000000000000000000000000000000000000000000000000000000000010000000000000000000000000000000000000000000000000000000000000001
00000000000000000000000000000000000000000000000000000000000000010000000000000000000000000000000000000000000000000000000000000002000000000000000000000000000000000000000000000000000000000000000300000000000000000000000000000000000000000000000000000000000000020000000000000000000000000000000000000000000000000000000000000002
00000000000000000000000000000000000000000000000000000000000000000000000000000000000000000000000000000000000000000000000000000002000000000000000000000000000000000000000000000000000000000000000300000000000000000000000000000000000000000000000000000000000000000000000000000000000000000000000000000000000000000000000000000000
00000000000000000000000000000000000000000000000000000000000000010000000000000000000000000000000000000000000000000000000000000001000000000000000000000000000000000000000000000000000000000000000300000000000000000000000000000000000000000000000000000000000000010000000000000000000000000000000000000000000000000000000000000001
00000000000000000000000000000000000000000000000000000000000000010000000000000000000000000000000000000000000000000000000000000002000000000000000000000000000000000000000000000000000000000000000300000000000000000000000000000000000000000000000000000000000000020000000000000000000000000000000000000000000000000000000000000002
00000000000000000000000000000000000000000000000000000000000000010000000000000000000000000000000000000000000000000000000000000002000000000000000000000000000000000000000000000000000000000000000300000000000000000000000000000000000000000000000000000000000000020000000000000000000000000000000000000000000000000000000000000002
00000000000000000000000000000000000000000000000000000000000000020000000000000000000000000000000000000000000000000000000000000000000000000000000000000000000000000000000000000000000000000000000300000000000000000000000000000000000000000000000000000000000000000000000000000000000000000000000000000000000000000000000000000000
00000000000000000000000000000000000000000000000000000000000000010000000000000000000000000000000000000000000000000000000000000001000000000000000000000000000000000000000000000000000000000000000300000000000000000000000000000000000000000000000000000000000000010000000000000000000000000000000000000000000000000000000000000001
00000000000000000000000000000000000000000000000000000000000000010000000000000000000000000000000000000000000000000000000000000001000000000000000000000000000000000000000000000000000000000000000300000000000000000000000000000000000000000000000000000000000000010000000000000000000000000000000000000000000000000000000000000001
00000000000000000000000000000000000000000000000000000000000000000000000000000000000000000000000000000000000000000000000000000001000000000000000000000000000000000000000000000000000000000000000300000000000000000000000000000000000000000000000000000000000000000000000000000000000000000000000000000000000000000000000000000000
00000000000000000000000000000000000000000000000000000000000000010000000000000000000000000000000000000000000000000000000000000002000000000000000000000000000000000000000000000000000000000000000300000000000000000000000000000000000000000000000000000000000000020000000000000000000000000000000000000000000000000000000000000002
00000000000000000000000000000000000000000000000000000000000000010000000000000000000000000000000000000000000000000000000000000002000000000000000000000000000000000000000000000000000000000000000300000000000000000000000000000000000000000000000000000000000000020000000000000000000000000000000000000000000000000000000000000002
00000000000000000000000000000000000000000000000000000000000000020000000000000000000000000000000000000000000000000000000000000000000000000000000000000000000000000000000000000000000000000000000300000000000000000000000000000000000000000000000000000000000000000000000000000000000000000000000000000000000000000000000000000000
00000000000000000000000000000000000000000000000000000000000000000000000000000000000000000000000000000000000000000000000000000000000000000000000000000000000000000000000000000000000000000000000300000000000000000000000000000000000000000000000000000000000000000000000000000000000000000000000000000000000000000000000000000000
00000000000000000000000000000000000000000000000000000000000000000000000000000000000000000000000000000000000000000000000000000001000000000000000000000000000000000000000000000000000000000000000300000000000000000000000000000000000000000000000000000000000000000000000000000000000000000000000000000000000000000000000000000000
00000000000000000000000000000000000000000000000000000000000000020000000000000000000000000000000000000000000000000000000000000001000000000000000000000000000000000000000000000000000000000000000300000000000000000000000000000000000000000000000000000000000000020000000000000000000000000000000000000000000000000000000000000002
00000000000000000000000000000000000000000000000000000000000000010000000000000000000000000000000000000000000000000000000000000001000000000000000000000000000000000000000000000000000000000000000300000000000000000000000000000000000000000000000000000000000000010000000000000000000000000000000000000000000000000000000000000001
00000000000000000000000000000000000000000000000000000000000000020000000000000000000000000000000000000000000000000000000000000000000000000000000000000000000000000000000000000000000000000000000300000000000000000000000000000000000000000000000000000000000000000000000000000000000000000000000000000000000000000000000000000000
00000000000000000000000000000000000000000000000000000000000000020000000000000000000000000000000000000000000000000000000000000002000000000000000000000000000000000000000000000000000000000000000300000000000000000000000000000000000000000000000000000000000000010000000000000000000000000000000000000000000000000000000000000001
00000000000000000000000000000000000000000000000000000000000000010000000000000000000000000000000000000000000000000000000000000000000000000000000000000000000000000000000000000000000000000000000300000000000000000000000000000000000000000000000000000000000000000000000000000000000000000000000000000000000000000000000000000000
00000000000000000000000000000000000000000000000000000000000000010000000000000000000000000000000000000000000000000000000000000002000000000000000000000000000000000000000000000000000000000000000300000000000000000000000000000000000000000000000000000000000000020000000000000000000000000000000000000000000000000000000000000002
00000000000000000000000000000000000000000000000000000000000000010000000000000000000000000000000000000000000000000000000000000002000000000000000000000000000000000000000000000000000000000000000300000000000000000000000000000000000000000000000000000000000000020000000000000000000000000000000000000000000000000000000000000002
00000000000000000000000000000000000000000000000000000000000000020000000000000000000000000000000000000000000000000000000000000002000000000000000000000000000000000000000000000000000000000000000300000000000000000000000000000000000000000000000000000000000000010000000000000000000000000000000000000000000000000000000000000001
00000000000000000000000000000000000000000000000000000000000000010000000000000000000000000000000000000000000000000000000000000000000000000000000000000000000000000000000000000000000000000000000300000000000000000000000000000000000000000000000000000000000000000000000000000000000000000000000000000000000000000000000000000000
00000000000000000000000000000000000000000000000000000000000000000000000000000000000000000000000000000000000000000000000000000000000000000000000000000000000000000000000000000000000000000000000300000000000000000000000000000000000000000000000000000000000000000000000000000000000000000000000000000000000000000000000000000000
00000000000000000000000000000000000000000000000000000000000000010000000000000000000000000000000000000000000000000000000000000002000000000000000000000000000000000000000000000000000000000000000300000000000000000000000000000000000000000000000000000000000000020000000000000000000000000000000000000000000000000000000000000002
00000000000000000000000000000000000000000000000000000000000000000000000000000000000000000000000000000000000000000000000000000000000000000000000000000000000000000000000000000000000000000000000300000000000000000000000000000000000000000000000000000000000000000000000000000000000000000000000000000000000000000000000000000000
00000000000000000000000000000000000000000000000000000000000000020000000000000000000000000000000000000000000000000000000000000000000000000000000000000000000000000000000000000000000000000000000300000000000000000000000000000000000000000000000000000000000000000000000000000000000000000000000000000000000000000000000000000000
00000000000000000000000000000000000000000000000000000000000000010000000000000000000000000000000000000000000000000000000000000000000000000000000000000000000000000000000000000000000000000000000300000000000000000000000000000000000000000000000000000000000000000000000000000000000000000000000000000000000000000000000000000000
00000000000000000000000000000000000000000000000000000000000000000000000000000000000000000000000000000000000000000000000000000002000000000000000000000000000000000000000000000000000000000000000300000000000000000000000000000000000000000000000000000000000000000000000000000000000000000000000000000000000000000000000000000000
00000000000000000000000000000000000000000000000000000000000000000000000000000000000000000000000000000000000000000000000000000001000000000000000000000000000000000000000000000000000000000000000300000000000000000000000000000000000000000000000000000000000000000000000000000000000000000000000000000000000000000000000000000000
00000000000000000000000000000000000000000000000000000000000000020000000000000000000000000000000000000000000000000000000000000002000000000000000000000000000000000000000000000000000000000000000300000000000000000000000000000000000000000000000000000000000000010000000000000000000000000000000000000000000000000000000000000001
00000000000000000000000000000000000000000000000000000000000000020000000000000000000000000000000000000000000000000000000000000001000000000000000000000000000000000000000000000000000000000000000300000000000000000000000000000000000000000000000000000000000000020000000000000000000000000000000000000000000000000000000000000002
00000000000000000000000000000000000000000000000000000000000000020000000000000000000000000000000000000000000000000000000000000001000000000000000000000000000000000000000000000000000000000000000300000000000000000000000000000000000000000000000000000000000000020000000000000000000000000000000000000000000000000000000000000002
00000000000000000000000000000000000000000000000000000000000000010000000000000000000000000000000000000000000000000000000000000002000000000000000000000000000000000000000000000000000000000000000300000000000000000000000000000000000000000000000000000000000000020000000000000000000000000000000000000000000000000000000000000002
00000000000000000000000000000000000000000000000000000000000000010000000000000000000000000000000000000000000000000000000000000000000000000000000000000000000000000000000000000000000000000000000300000000000000000000000000000000000000000000000000000000000000000000000000000000000000000000000000000000000000000000000000000000
00000000000000000000000000000000000000000000000000000000000000020000000000000000000000000000000000000000000000000000000000000002000000000000000000000000000000000000000000000000000000000000000300000000000000000000000000000000000000000000000000000000000000010000000000000000000000000000000000000000000000000000000000000001
00000000000000000000000000000000000000000000000000000000000000010000000000000000000000000000000000000000000000000000000000000000000000000000000000000000000000000000000000000000000000000000000300000000000000000000000000000000000000000000000000000000000000000000000000000000000000000000000000000000000000000000000000000000
00000000000000000000000000000000000000000000000000000000000000010000000000000000000000000000000000000000000000000000000000000002000000000000000000000000000000000000000000000000000000000000000300000000000000000000000000000000000000000000000000000000000000020000000000000000000000000000000000000000000000000000000000000002
00000000000000000000000000000000000000000000000000000000000000010000000000000000000000000000000000000000000000000000000000000001000000000000000000000000000000000000000000000000000000000000000300000000000000000000000000000000000000000000000000000000000000010000000000000000000000000000000000000000000000000000000000000001
00000000000000000000000000000000000000000000000000000000000000020000000000000000000000000000000000000000000000000000000000000001000000000000000000000000000000000000000000000000000000000000000300000000000000000000000000000000000000000000000000000000000000020000000000000000000000000000000000000000000000000000000000000002
00000000000000000000000000000000000000000000000000000000000000020000000000000000000000000000000000000000000000000000000000000001000000000000000000000000000000000000000000000000000000000000000300000000000000000000000000000000000000000000000000000000000000020000000000000000000000000000000000000000000000000000000000000002
00000000000000000000000000000000000000000000000000000000000000020000000000000000000000000000000000000000000000000000000000000000000000000000000000000000000000000000000000000000000000000000000300000000000000000000000000000000000000000000000000000000000000000000000000000000000000000000000000000000000000000000000000000000
00000000000000000000000000000000000000000000000000000000000000010000000000000000000000000000000000000000000000000000000000000001000000000000000000000000000000000000000000000000000000000000000300000000000000000000000000000000000000000000000000000000000000010000000000000000000000000000000000000000000000000000000000000001
00000000000000000000000000000000000000000000000000000000000000010000000000000000000000000000000000000000000000000000000000000000000000000000000000000000000000000000000000000000000000000000000300000000000000000000000000000000000000000000000000000000000000000000000000000000000000000000000000000000000000000000000000000000
00000000000000000000000000000000000000000000000000000000000000010000000000000000000000000000000000000000000000000000000000000001000000000000000000000000000000000000000000000000000000000000000300000000000000000000000000000000000000000000000000000000000000010000000000000000000000000000000000000000000000000000000000000001
00000000000000000000000000000000000000000000000000000000000000020000000000000000000000000000000000000000000000000000000000000000000000000000000000000000000000000000000000000000000000000000000300000000000000000000000000000000000000000000000000000000000000000000000000000000000000000000000000000000000000000000000000000000
00000000000000000000000000000000000000000000000000000000000000000000000000000000000000000000000000000000000000000000000000000000000000000000000000000000000000000000000000000000000000000000000300000000000000000000000000000000000000000000000000000000000000000000000000000000000000000000000000000000000000000000000000000000
00000000000000000000000000000000000000000000000000000000000000020000000000000000000000000000000000000000000000000000000000000001000000000000000000000000000000000000000000000000000000000000000300000000000000000000000000000000000000000000000000000000000000020000000000000000000000000000000000000000000000000000000000000002
00000000000000000000000000000000000000000000000000000000000000020000000000000000000000000000000000000000000000000000000000000002000000000000000000000000000000000000000000000000000000000000000300000000000000000000000000000000000000000000000000000000000000010000000000000000000000000000000000000000000000000000000000000001
00000000000000000000000000000000000000000000000000000000000000010000000000000000000000000000000000000000000000000000000000000001000000000000000000000000000000000000000000000000000000000000000300000000000000000000000000000000000000000000000000000000000000010000000000000000000000000000000000000000000000000000000000000001
00000000000000000000000000000000000000000000000000000000000000000000000000000000000000000000000000000000000000000000000000000000000000000000000000000000000000000000000000000000000000000000000300000000000000000000000000000000000000000000000000000000000000000000000000000000000000000000000000000000000000000000000000000000
00000000000000000000000000000000000000000000000000000000000000000000000000000000000000000000000000000000000000000000000000000002000000000000000000000000000000000000000000000000000000000000000300000000000000000000000000000000000000000000000000000000000000000000000000000000000000000000000000000000000000000000000000000000
00000000000000000000000000000000000000000000000000000000000000020000000000000000000000000000000000000000000000000000000000000000000000000000000000000000000000000000000000000000000000000000000300000000000000000000000000000000000000000000000000000000000000000000000000000000000000000000000000000000000000000000000000000000
00000000000000000000000000000000000000000000000000000000000000020000000000000000000000000000000000000000000000000000000000000001000000000000000000000000000000000000000000000000000000000000000300000000000000000000000000000000000000000000000000000000000000020000000000000000000000000000000000000000000000000000000000000002
00000000000000000000000000000000000000000000000000000000000000000000000000000000000000000000000000000000000000000000000000000000000000000000000000000000000000000000000000000000000000000000000f00000000000000000000000000000000000000000000000000000000000000000000000000000000000000000000000000000000000000000000000000000000
00000000000000000000000000000000000000000000000000000000000000000000000000000000000000000000000000000000000000000000000000000001000000000000000000000000000000000000000000000000000000000000000f00000000000000000000000000000000000000000000000000000000000000000000000000000000000000000000000000000000000000000000000000000000
00000000000000000000000000000000000000000000000000000000000000000000000000000000000000000000000000000000000000000000000000000007000000000000000000000000000000000000000000000000000000000000000f00000000000000000000000000000000000000000000000000000000000000000000000000000000000000000000000000000000000000000000000000000000
0000000000000000000000000000000000000000000000000000000000000000000000000000000000000000000000000000000000000000000000000000000d000000000000000000000000000000000000000000000000000000000000000f00000000000000000000000000000000000000000000000000000000000000000000000000000000000000000000000000000000000000000000000000000000
0000000000000000000000000000000000000000000000000000000000000000000000000000000000000000000000000000000000000000000000000000000e000000000000000000000000000000000000000000000000000000000000000f00000000000000000000000000000000000000000000000000000000000000000000000000000000000000000000000000000000000000000000000000000000
00000000000000000000000000000000000000000000000000000000000000010000000000000000000000000000000000000000000000000000000000000000000000000000000000000000000000000000000000000000000000000000000f00000000000000000000000000000000000000000000000000000000000000000000000000000000000000000000000000000000000000000000000000000000
00000000000000000000000000000000000000000000000000000000000000010000000000000000000000000000000000000000000000000000000000000001000000000000000000000000000000000000000000000000000000000000000f00000000000000000000000000000000000000000000000000000000000000010000000000000000000000000000000000000000000000000000000000000001
00000000000000000000000000000000000000000000000000000000000000010000000000000000000000000000000000000000000000000000000000000007000000000000000000000000000000000000000000000000000000000000000f00000000000000000000000000000000000000000000000000000000000000070000000000000000000000000000000000000000000000000000000000000007
0000000000000000000000000000000000000000000000000000000000000001000000000000000000000000000000000000000000000000000000000000000d000000000000000000000000000000000000000000000000000000000000000f000000000000000000000000000000000000000000000000000000000000000d000000000000000000000000000000000000000000000000000000000000000d
0000000000000000000000000000000000000000000000000000000000000001000000000000000000000000000000000000000000000000000000000000000e000000000000000000000000000000000000000000000000000000000000000f000000000000000000000000000000000000000000000000000000000000000e000000000000000000000000000000000000000000000000000000000000000e
00000000000000000000000000000000000000000000000000000000000000070000000000000000000000000000000000000000000000000000000000000000000000000000000000000000000000000000000000000000000000000000000f00000000000000000000000000000000000000000000000000000000000000000000000000000000000000000000000000000000000000000000000000000000
00000000000000000000000000000000000000000000000000000000000000070000000000000000000000000000000000000000000000000000000000000001000000000000000000000000000000000000000000000000000000000000000f00000000000000000000000000000000000000000000000000000000000000070000000000000000000000000000000000000000000000000000000000000007
00000000000000000000000000000000000000000000000000000000000000070000000000000000000000000000000000000000000000000000000000000007000000000000000000000000000000000000000000000000000000000000000f00000000000000000000000000000000000000000000000000000000000000040000000000000000000000000000000000000000000000000000000000000004
0000000000000000000000000000000000000000000000000000000000000007000000000000000000000000000000000000000000000000000000000000000d000000000000000000000000000000000000000000000000000000000000000f00000000000000000000000000000000000000000000000000000000000000010000000000000000000000000000000000000000000000000000000000000001
0000000000000000000000000000000000000000000000000000000000000007000000000000000000000000000000000000000000000000000000000000000e000000000000000000000000000000000000000000000000000000000000000f00000000000000000000000000000000000000000000000000000000000000080000000000000000000000000000000000000000000000000000000000000008
000000000000000000000000000000000000000000000000000000000000000d0000000000000000000000000000000000000000000000000000000000000000000000000000000000000000000000000000000000000000000000000000000f00000000000000000000000000000000000000000000000000000000000000000000000000000000000000000000000000000000000000000000000000000000
000000000000000000000000000000000000000000000000000000000000000d0000000000000000000000000000000000000000000000000000000000000001000000000000000000000000000000000000000000000000000000000000000f000000000000000000000000000000000000000000000000000000000000000d000000000000000000000000000000000000000000000000000000000000000d
000000000000000000000000000000000000000000000000000000000000000d0000000000000000000000000000000000000000000000000000000000000007000000000000000000000000000000000000000000000000000000000000000f00000000000000000000000000000000000000000000000000000000000000010000000000000000000000000000000000000000000000000000000000000001
000000000000000000000000000000000000000000000000000000000000000d000000000000000000000000000000000000000000000000000000000000000d000000000000000000000000000000000000000000000000000000000000000f00000000000000000000000000000000000000000000000000000000000000040000000000000000000000000000000000000000000000000000000000000004
000000000000000000000000000000000000000000000000000000000000000d000000000000000000000000000000000000000000000000000000000000000e000000000000000000000000000000000000000000000000000000000000000f00000000000000000000000000000000000000000000000000000000000000020000000000000000000000000000000000000000000000000000000000000002
000000000000000000000000000000000000000000000000000000000000000e0000000000000000000000000000000000000000000000000000000000000000000000000000000000000000000000000000000000000000000000000000000f00000000000000000000000000000000000000000000000000000000000000000000000000000000000000000000000000000000000000000000000000000000
000000000000000000000000000000000000000000000000000000000000000e0000000000000000000000000000000000000000000000000000000000000001000000000000000000000000000000000000000000000000000000000000000f000000000000000000000000000000000000000000000000000000000000000e000000000000000000000000000000000000000000000000000000000000000e
000000000000000000000000000000000000000000000000000000000000000e0000000000000000000000000000000000000000000000000000000000000007000000000000000000000000000000000000000000000000000000000000000f00000000000000000000000000000000000000000000000000000000000000080000000000000000000000000000000000000000000000000000000000000008
000000000000000000000000000000000000000000000000000000000000000e000000000000000000000000000000000000000000000000000000000000000d000000000000000000000000000000000000000000000000000000000000000f00000000000000000000000000000000000000000000000000000000000000020000000000000000000000000000000000000000000000000000000000000002
000000000000000000000000000000000000000000000000000000000000000e000000000000000000000000000000000000000000000000000000000000000e000000000000000000000000000000000000000000000000000000000000000f00000000000000000000000000000000000000000000000000000000000000010000000000000000000000000000000000000000000000000000000000000001
00000000000000000000000000000000000000000000000000000000000000000000000000000000000000000000000000000000000000000000000000000007000000000000000000000000000000000000000000000000000000000000000f00000000000000000000000000000000000000000000000000000000000000000000000000000000000000000000000000000000000000000000000000000000
00000000000000000000000000000000000000000000000000000000000000010000000000000000000000000000000000000000000000000000000000000007000000000000000000000000000000000000000000000000000000000000000f00000000000000000000000000000000000000000000000000000000000000070000000000000000000000000000000000000000000000000000000000000007
000000000000000000000000000000000000000000000000000000000000000b000000000000000000000000000000000000000000000000000000000000000a000000000000000000000000000000000000000000000000000000000000000f00000000000000000000000000000000000000000000000000000000000000050000000000000000000000000000000000000000000000000000000000000005
000000000000000000000000000000000000000000000000000000000000000d0000000000000000000000000000000000000000000000000000000000000007000000000000000000000000000000000000000000000000000000000000000f00000000000000000000000000000000000000000000000000000000000000010000000000000000000000000000000000000000000000000000000000000001
0000000000000000000000000000000000000000000000000000000000000004000000000000000000000000000000000000000000000000000000000000000e000000000000000000000000000000000000000000000000000000000000000f000000000000000000000000000000000000000000000000000000000000000b000000000000000000000000000000000000000000000000000000000000000b
000000000000000000000000000000000000000000000000000000000000000b0000000000000000000000000000000000000000000000000000000000000003000000000000000000000000000000000000000000000000000000000000000f00000000000000000000000000000000000000000000000000000000000000030000000000000000000000000000000000000000000000000000000000000003
0000000000000000000000000000000000000000000000000000000000000007000000000000000000000000000000000000000000000000000000000000000b000000000000000000000000000000000000000000000000000000000000000f00000000000000000000000000000000000000000000000000000000000000020000000000000000000000000000000000000000000000000000000000000002
0000000000000000000000000000000000000000000000000000000000000005000000000000000000000000000000000000000000000000000000000000000b000000000000000000000000000000000000000000000000000000000000000f000000000000000000000000000000000000000000000000000000000000000a000000000000000000000000000000000000000000000000000000000000000a
00000000000000000000000000000000000000000000000000000000000000020000000000000000000000000000000000000000000000000000000000000008000000000000000000000000000000000000000000000000000000000000000f00000000000000000000000000000000000000000000000000000000000000010000000000000000000000000000000000000000000000000000000000000001
000000000000000000000000000000000000000000000000000000000000000c000000000000000000000000000000000000000000000000000000000000000c000000000000000000000000000000000000000000000000000000000000000f00000000000000000000000000000000000000000000000000000000000000090000000000000000000000000000000000000000000000000000000000000009
000000000000000000000000000000000000000000000000000000000000000d0000000000000000000000000000000000000000000000000000000000000004000000000000000000000000000000000000000000000000000000000000000f00000000000000000000000000000000000000000000000000000000000000070000000000000000000000000000000000000000000000000000000000000007
00000000000000000000000000000000000000000000000000000000000000060000000000000000000000000000000000000000000000000000000000000000000000000000000000000000000000000000000000000000000000000000000f00000000000000000000000000000000000000000000000000000000000000000000000000000000000000000000000000000000000000000000000000000000
00000000000000000000000000000000000000000000000000000000000000000000000000000000000000000000000000000000000000000000000000000003000000000000000000000000000000000000000000000000000000000000000f00000000000000000000000000000000000000000000000000000000000000000000000000000000000000000000000000000000000000000000000000000000
00000000000000000000000000000000000000000000000000000000000000040000000000000000000000000000000000000000000000000000000000000003000000000000000000000000000000000000000000000000000000000000000f000000000000000000000000000000000000000000000000000000000000000c000000000000000000000000000000000000000000000000000000000000000c
000000000000000000000000000000000000000000000000000000000000000b0000000000000000000000000000000000000000000000000000000000000009000000000000000000000000000000000000000000000000000000000000000f00000000000000000000000000000000000000000000000000000000000000090000000000000000000000000000000000000000000000000000000000000009
000000000000000000000000000000000000000000000000000000000000000d0000000000000000000000000000000000000000000000000000000000000008000000000000000000000000000000000000000000000000000000000000000f000000000000000000000000000000000000000000000000000000000000000e000000000000000000000000000000000000000000000000000000000000000e
00000000000000000000000000000000000000000000000000000000000000010000000000000000000000000000000000000000000000000000000000000007000000000000000000000000000000000000000000000000000000000000000f00000000000000000000000000000000000000000000000000000000000000070000000000000000000000000000000000000000000000000000000000000007
00000000000000000000000000000000000000000000000000000000000000060000000000000000000000000000000000000000000000000000000000000007000000000000000000000000000000000000000000000000000000000000000f000000000000000000000000000000000000000000000000000000000000000c000000000000000000000000000000000000000000000000000000000000000c
000000000000000000000000000000000000000000000000000000000000000a0000000000000000000000000000000000000000000000000000000000000000000000000000000000000000000000000000000000000000000000000000000f00000000000000000000000000000000000000000000000000000000000000000000000000000000000000000000000000000000000000000000000000000000
00000000000000000000000000000000000000000000000000000000000000060000000000000000000000000000000000000000000000000000000000000009000000000000000000000000000000000000000000000000000000000000000f00000000000000000000000000000000000000000000000000000000000000090000000000000000000000000000000000000000000000000000000000000009
000000000000000000000000000000000000000000000000000000000000000a000000000000000000000000000000000000000000000000000000000000000d000000000000000000000000000000000000000000000000000000000000000f000000000000000000000000000000000000000000000000000000000000000a000000000000000000000000000000000000000000000000000000000000000a
00000000000000000000000000000000000000000000000000000000000000010000000000000000000000000000000000000000000000000000000000000002000000000000000000000000000000000000000000000000000000000000000f00000000000000000000000000000000000000000000000000000000000000020000000000000000000000000000000000000000000000000000000000000002
0000000000000000000000000000000000000000000000000000000000000003000000000000000000000000000000000000000000000000000000000000000a000000000000000000000000000000000000000000000000000000000000000f00000000000000000000000000000000000000000000000000000000000000000000000000000000000000000000000000000000000000000000000000000000
0000000000000000000000000000000000000000000000000000000000000007000000000000000000000000000000000000000000000000000000000000000a000000000000000000000000000000000000000000000000000000000000000f000000000000000000000000000000000000000000000000000000000000000a000000000000000000000000000000000000000000000000000000000000000a
000000000000000000000000000000000000000000000000000000000000000e0000000000000000000000000000000000000000000000000000000000000007000000000000000000000000000000000000000000000000000000000000000f00000000000000000000000000000000000000000000000000000000000000080000000000000000000000000000000000000000000000000000000000000008
00000000000000000000000000000000000000000000000000000000000000060000000000000000000000000000000000000000000000000000000000000007000000000000000000000000000000000000000000000000000000000000000f000000000000000000000000000000000000000000000000000000000000000c000000000000000000000000000000000000000000000000000000000000000c
0000000000000000000000000000000000000000000000000000000000000001000000000000000000000000000000000000000000000000000000000000000d000000000000000000000000000000000000000000000000000000000000000f000000000000000000000000000000000000000000000000000000000000000d000000000000000000000000000000000000000000000000000000000000000d
0000000000000000000000000000000000000000000000000000000000000006000000000000000000000000000000000000000000000000000000000000000c000000000000000000000000000000000000000000000000000000000000000f000000000000000000000000000000000000000000000000000000000000000c000000000000000000000000000000000000000000000000000000000000000c
0000000000000000000000000000000000000000000000000000000000000003000000000000000000000000000000000000000000000000000000000000000d000000000000000000000000000000000000000000000000000000000000000f00000000000000000000000000000000000000000000000000000000000000090000000000000000000000000000000000000000000000000000000000000009
0000000000000000000000000000000000000000000000000000000000000004000000000000000000000000000000000000000000000000000000000000000e000000000000000000000000000000000000000000000000000000000000000f000000000000000000000000000000000000000000000000000000000000000b000000000000000000000000000000000000000000000000000000000000000b
00000000000000000000000000000000000000000000000000000000000000000000000000000000000000000000000000000000000000000000000000000003000000000000000000000000000000000000000000000000000000000000000f00000000000000000000000000000000000000000000000000000000000000000000000000000000000000000000000000000000000000000000000000000000
000000000000000000000000000000000000000000000000000000000000000e0000000000000000000000000000000000000000000000000000000000000002000000000000000000000000000000000000000000000000000000000000000f000000000000000000000000000000000000000000000000000000000000000d000000000000000000000000000000000000000000000000000000000000000d
00000000000000000000000000000000000000000000000000000000000000060000000000000000000000000000000000000000000000000000000000000006000000000000000000000000000000000000000000000000000000000000000f00000000000000000000000000000000000000000000000000000000000000060000000000000000000000000000000000000000000000000000000000000006
000000000000000000000000000000000000000000000000000000000000000b000000000000000000000000000000000000000000000000000000000000000c000000000000000000000000000000000000000000000000000000000000000f000000000000000000000000000000000000000000000000000000000000000c000000000000000000000000000000000000000000000000000000000000000c
0000000000000000000000000000000000000000000000000000000000000006000000000000000000000000000000000000000000000000000000000000000c000000000000000000000000000000000000000000000000000000000000000f000000000000000000000000000000000000000000000000000000000000000c000000000000000000000000000000000000000000000000000000000000000c
000000000000000000000000000000000000000000000000000000000000000b000000000000000000000000000000000000000000000000000000000000000b000000000000000000000000000000000000000000000000000000000000000f00000000000000000000000000000000000000000000000000000000000000010000000000000000000000000000000000000000000000000000000000000001
00000000000000000000000000000000000000000000000000000000000000010000000000000000000000000000000000000000000000000000000000000001000000000000000000000000000000000000000000000000000000000000000f00000000000000000000000000000000000000000000000000000000000000010000000000000000000000000000000000000000000000000000000000000001
0000000000000000000000000000000000000000000000000000000000000009000000000000000000000000000000000000000000000000000000000000000c000000000000000000000000000000000000000000000000000000000000000f00000000000000000000000000000000000000000000000000000000000000030000000000000000000000000000000000000000000000000000000000000003
0000000000000000000000000000000000000000000000000000000000000008000000000000000000000000000000000000000000000000000000000000000b000000000000000000000000000000000000000000000000000000000000000f000000000000000000000000000000000000000000000000000000000000000d000000000000000000000000000000000000000000000000000000000000000d
00000000000000000000000000000000000000000000000000000000000000070000000000000000000000000000000000000000000000000000000000000005000000000000000000000000000000000000000000000000000000000000000f00000000000000000000000000000000000000000000000000000000000000050000000000000000000000000000000000000000000000000000000000000005
00000000000000000000000000000000000000000000000000000000000000000000000000000000000000000000000000000000000000000000000000000001000000000000000000000000000000000000000000000000000000000000000f00000000000000000000000000000000000000000000000000000000000000000000000000000000000000000000000000000000000000000000000000000000
000000000000000000000000000000000000000000000000000000000000000d0000000000000000000000000000000000000000000000000000000000000000000000000000000000000000000000000000000000000000000000000000000f00000000000000000000000000000000000000000000000000000000000000000000000000000000000000000000000000000000000000000000000000000000
00000000000000000000000000000000000000000000000000000000000000070000000000000000000000000000000000000000000000000000000000000006000000000000000000000000000000000000000000000000000000000000000f000000000000000000000000000000000000000000000000000000000000000c000000000000000000000000000000000000000000000000000000000000000c
000000000000000000000000000000000000000000000000000000000000000a0000000000000000000000000000000000000000000000000000000000000009000000000000000000000000000000000000000000000000000000000000000f00000000000000000000000000000000000000000000000000000000000000000000000000000000000000000000000000000000000000000000000000000000
00000000000000000000000000000000000000000000000000000000000000040000000000000000000000000000000000000000000000000000000000000001000000000000000000000000000000000000000000000000000000000000000f00000000000000000000000000000000000000000000000000000000000000040000000000000000000000000000000000000000000000000000000000000004
000000000000000000000000000000000000000000000000000000000000000b0000000000000000000000000000000000000000000000000000000000000007000000000000000000000000000000000000000000000000000000000000000f00000000000000000000000000000000000000000000000000000000000000020000000000000000000000000000000000000000000000000000000000000002
00000000000000000000000000000000000000000000000000000000000000040000000000000000000000000000000000000000000000000000000000000003000000000000000000000000000000000000000000000000000000000000000f000000000000000000000000000000000000000000000000000000000000000c000000000000000000000000000000000000000000000000000000000000000c
00000000000000000000000000000000000000000000000000000000000000060000000000000000000000000000000000000000000000000000000000000004000000000000000000000000000000000000000000000000000000000000000f00000000000000000000000000000000000000000000000000000000000000090000000000000000000000000000000000000000000000000000000000000009
000000000000000000000000000000000000000000000000000000000000000c000000000000000000000000000000000000000000000000000000000000000c000000000000000000000000000000000000000000000000000000000000000f00000000000000000000000000000000000000000000000000000000000000090000000000000000000000000000000000000000000000000000000000000009
00000000000000000000000000000000000000000000000000000000000000080000000000000000000000000000000000000000000000000000000000000008000000000000000000000000000000000000000000000000000000000000000f00000000000000000000000000000000000000000000000000000000000000040000000000000000000000000000000000000000000000000000000000000004
000000000000000000000000000000000000000000000000000000000000000b0000000000000000000000000000000000000000000000000000000000000009000000000000000000000000000000000000000000000000000000000000000f00000000000000000000000000000000000000000000000000000000000000090000000000000000000000000000000000000000000000000000000000000009
000000000000000000000000000000000000000000000000000000000000000c0000000000000000000000000000000000000000000000000000000000000002000000000000000000000000000000000000000000000000000000000000000f00000000000000000000000000000000000000000000000000000000000000090000000000000000000000000000000000000000000000000000000000000009
000000000000000000000000000000000000000000000000000000000000000d000000000000000000000000000000000000000000000000000000000000000a000000000000000000000000000000000000000000000000000000000000000f000000000000000000000000000000000000000000000000000000000000000a000000000000000000000000000000000000000000000000000000000000000a
0000000000000000000000000000000000000000000000000000000000000006000000000000000000000000000000000000000000000000000000000000000e000000000000000000000000000000000000000000000000000000000000000f00000000000000000000000000000000000000000000000000000000000000090000000000000000000000000000000000000000000000000000000000000009
00000000000000000000000000000000000000000000000000000000000000010000000000000000000000000000000000000000000000000000000000000009000000000000000000000000000000000000000000000000000000000000000f00000000000000000000000000000000000000000000000000000000000000090000000000000000000000000000000000000000000000000000000000000009
000000000000000000000000000000000000000000000000000000000000000d0000000000000000000000000000000000000000000000000000000000000005000000000000000000000000000000000000000000000000000000000000000f00000000000000000000000000000000000000000000000000000000000000050000000000000000000000000000000000000000000000000000000000000005
00000000000000000000000000000000000000000000000000000000000000000000000000000000000000000000000000000000000000000000000000000004000000000000000000000000000000000000000000000000000000000000000f00000000000000000000000000000000000000000000000000000000000000000000000000000000000000000000000000000000000000000000000000000000
00000000000000000000000000000000000000000000000000000000000000080000000000000000000000000000000000000000000000000000000000000001000000000000000000000000000000000000000000000000000000000000000f00000000000000000000000000000000000000000000000000000000000000080000000000000000000000000000000000000000000000000000000000000008
0000000000000000000000000000000000000000000000000000000000000008000000000000000000000000000000000000000000000000000000000000000d000000000000000000000000000000000000000000000000000000000000000f000000000000000000000000000000000000000000000000000000000000000e000000000000000000000000000000000000000000000000000000000000000e
0000000000000000000000000000000000000000000000000000000000000007000000000000000000000000000000000000000000000000000000000000000d000000000000000000000000000000000000000000000000000000000000000f00000000000000000000000000000000000000000000000000000000000000010000000000000000000000000000000000000000000000000000000000000001
00000000000000000000000000000000000000000000000000000000000000050000000000000000000000000000000000000000000000000000000000000007000000000000000000000000000000000000000000000000000000000000000f00000000000000000000000000000000000000000000000000000000000000050000000000000000000000000000000000000000000000000000000000000005
000000000000000000000000000000000000000000000000000000000000000d0000000000000000000000000000000000000000000000000000000000000005000000000000000000000000000000000000000000000000000000000000000f00000000000000000000000000000000000000000000000000000000000000050000000000000000000000000000000000000000000000000000000000000005
00000000000000000000000000000000000000000000000000000000000000010000000000000000000000000000000000000000000000000000000000000005000000000000000000000000000000000000000000000000000000000000000f00000000000000000000000000000000000000000000000000000000000000050000000000000000000000000000000000000000000000000000000000000005
00000000000000000000000000000000000000000000000000000000000000070000000000000000000000000000000000000000000000000000000000000008000000000000000000000000000000000000000000000000000000000000000f000000000000000000000000000000000000000000000000000000000000000b000000000000000000000000000000000000000000000000000000000000000b
00000000000000000000000000000000000000000000000000000000000000000000000000000000000000000000000000000000000000000000000000000000800000000000000000000000000000000000000000000000000000000000000100000000000000000000000000000000000000000000000000000000000000000000000000000000000000000000000000000000000000000000000000000000
00000000000000000000000000000000000000000000000000000000000000000000000000000000000000000000000000000000000000000000000000000001800000000000000000000000000000000000000000000000000000000000000100000000000000000000000000000000000000000000000000000000000000000000000000000000000000000000000000000000000000000000000000000000
00000000000000000000000000000000000000000000000000000000000000004000000000000000000000000000000000000000000000000000000000000000800000000000000000000000000000000000000000000000000000000000000100000000000000000000000000000000000000000000000000000000000000000000000000000000000000000000000000000000000000000000000000000000
00000000000000000000000000000000000000000000000000000000000000007fffffffffffffffffffffffffffffffffffffffffffffffffffffffffffffff800000000000000000000000000000000000000000000000000000000000000100000000000000000000000000000000000000000000000000000000000000000000000000000000000000000000000000000000000000000000000000000000
00000000000000000000000000000000000000000000000000000000000000008000000000000000000000000000000000000000000000000000000000000000800000000000000000000000000000000000000000000000000000000000000100000000000000000000000000000000000000000000000000000000000000000000000000000000000000000000000000000000000000000000000000000000
00000000000000000000000000000000000000000000000000000000000000010000000000000000000000000000000000000000000000000000000000000000800000000000000000000000000000000000000000000000000000000000000100000000000000000000000000000000000000000000000000000000000000000000000000000000000000000000000000000000000000000000000000000000
00000000000000000000000000000000000000000000000000000000000000010000000000000000000000000000000000000000000000000000000000000001800000000000000000000000000000000000000000000000000000000000000140000000000000000000000000000000000000000000000000000000000000000000000000000000000000000000000000000000000000000000000000000001
00000000000000000000000000000000000000000000000000000000000000014000000000000000000000000000000000000000000000000000000000000000800000000000000000000000000000000000000000000000000000000000000160000000000000000000000000000000000000000000000000000000000000014000000000000000000000000000000000000000000000000000000000000000
00000000000000000000000000000000000000000000000000000000000000017fffffffffffffffffffffffffffffffffffffffffffffffffffffffffffffff800000000000000000000000000000000000000000000000000000000000000100000000000000000000000000000000000000000000000000000000000000017fffffffffffffffffffffffffffffffffffffffffffffffffffffffffffffff
00000000000000000000000000000000000000000000000000000000000000018000000000000000000000000000000000000000000000000000000000000000800000000000000000000000000000000000000000000000000000000000000140000000000000000000000000000000000000000000000000000000000000018000000000000000000000000000000000000000000000000000000000000000
40000000000000000000000000000000000000000000000000000000000000000000000000000000000000000000000000000000000000000000000000000000800000000000000000000000000000000000000000000000000000000000000100000000000000000000000000000000000000000000000000000000000000000000000000000000000000000000000000000000000000000000000000000000
40000000000000000000000000000000000000000000000000000000000000000000000000000000000000000000000000000000000000000000000000000001800000000000000000000000000000000000000000000000000000000000000160000000000000000000000000000000000000000000000000000000000000014000000000000000000000000000000000000000000000000000000000000000
40000000000000000000000000000000000000000000000000000000000000004000000000000000000000000000000000000000000000000000000000000000800000000000000000000000000000000000000000000000000000000000000110000000000000000000000000000000000000000000000000000000000000006000000000000000000000000000000000000000000000000000000000000001
40000000000000000000000000000000000000000000000000000000000000007fffffffffffffffffffffffffffffffffffffffffffffffffffffffffffffff800000000000000000000000000000000000000000000000000000000000000140000000000000000000000000000000000000000000000000000000000000000000000000000000000000000000000000000000000000000000000000000001
40000000000000000000000000000000000000000000000000000000000000008000000000000000000000000000000000000000000000000000000000000000800000000000000000000000000000000000000000000000000000000000000120000000000000000000000000000000000000000000000000000000000000004000000000000000000000000000000000000000000000000000000000000001
7fffffffffffffffffffffffffffffffffffffffffffffffffffffffffffffff0000000000000000000000000000000000000000000000000000000000000000800000000000000000000000000000000000000000000000000000000000000100000000000000000000000000000000000000000000000000000000000000000000000000000000000000000000000000000000000000000000000000000000
7fffffffffffffffffffffffffffffffffffffffffffffffffffffffffffffff0000000000000000000000000000000000000000000000000000000000000001800000000000000000000000000000000000000000000000000000000000000100000000000000000000000000000000000000000000000000000000000000017fffffffffffffffffffffffffffffffffffffffffffffffffffffffffffffff
7fffffffffffffffffffffffffffffffffffffffffffffffffffffffffffffff4000000000000000000000000000000000000000000000000000000000000000800000000000000000000000000000000000000000000000000000000000000140000000000000000000000000000000000000000000000000000000000000000000000000000000000000000000000000000000000000000000000000000001
7fffffffffffffffffffffffffffffffffffffffffffffffffffffffffffffff7fffffffffffffffffffffffffffffffffffffffffffffffffffffffffffffff80000000000000000000000000000000000000000000000000000000000000017fffffffffffffffffffffffffffffffffffffffffffffffffffffffffffffff0000000000000000000000000000000000000000000000000000000000000004
7fffffffffffffffffffffffffffffffffffffffffffffffffffffffffffffff8000000000000000000000000000000000000000000000000000000000000000800000000000000000000000000000000000000000000000000000000000000180000000000000000000000000000000000000000000000000000000000000000000000000000000000000000000000000000000000000000000000000000002
80000000000000000000000000000000000000000000000000000000000000000000000000000000000000000000000000000000000000000000000000000000800000000000000000000000000000000000000000000000000000000000000100000000000000000000000000000000000000000000000000000000000000000000000000000000000000000000000000000000000000000000000000000000
80000000000000000000000000000000000000000000000000000000000000000000000000000000000000000000000000000000000000000000000000000001800000000000000000000000000000000000000000000000000000000000000140000000000000000000000000000000000000000000000000000000000000018000000000000000000000000000000000000000000000000000000000000000
80000000000000000000000000000000000000000000000000000000000000004000000000000000000000000000000000000000000000000000000000000000800000000000000000000000000000000000000000000000000000000000000120000000000000000000000000000000000000000000000000000000000000004000000000000000000000000000000000000000000000000000000000000001
80000000000000000000000000000000000000000000000000000000000000007fffffffffffffffffffffffffffffffffffffffffffffffffffffffffffffff800000000000000000000000000000000000000000000000000000000000000180000000000000000000000000000000000000000000000000000000000000000000000000000000000000000000000000000000000000000000000000000002
80000000000000000000000000000000000000000000000000000000000000008000000000000000000000000000000000000000000000000000000000000000800000000000000000000000000000000000000000000000000000000000000140000000000000000000000000000000000000000000000000000000000000000000000000000000000000000000000000000000000000000000000000000001
332b85c5341e8c4290a70c5ab4fbeffe1f4cec704d45ab58f49f2e54eeb3257d746c8c3736594671ab208922bc1c68a3f48afc62468b45332596ad6dd96ddec380000000000000000000000000000000000000000000000000000000000000016d4f05834fe6f7820a15ffc7db2f864cd044084b47f03c993f7774b89638e1152561f4f9603210fbebd4007049a0f3665f77ef69701f86cd8111168ed38e3dd8
6e960d39bb1823764df664d6279b52f46d5d9fba746dae70997c2bb6d5e073ed6bae987b164ed9009fb8b3a121eb61b4a94bbdba1b0c2fc998bc62800417651b8000000000000000000000000000000000000000000000000000000000000001442bab9e6fdbf284ba0a88aea4a9bfea3e393abacb0b9c0c4abbe5e52c3a68da77a8a8c320481af68beaeea2b6ac802b838d8a8a69e8c7e76a883435a78b2e4e
7cb63042dc6a4e55d729a2c3b16228ece3a38f3c6bbd07e04dc5ab05a1d9780e2987b38c4336d08f4944a0a1e0094a623958327ed8b762a7f8eed3e791d1d65d80000000000000000000000000000000000000000000000000000000000000015d960fef6308ad4794d35cfead3b1e75b754493fe9df694052d0bde77099ef6b44d3e02139eea570d6594602a589c31491576d802c412d7f5a5e84311ecc212c
337f4b1ed4543e91abd65cf74d9673c63474fda639df81e43dd81fe8787ef7930ac67065fa2340d2d175d734633f3ac2dac1f40333b6169be3d5a84840cd5d128000000000000000000000000000000000000000000000000000000000000001221a615c473c6af9554a136fa3f51cd210c2d7e3e69a0565bd3b48c9b48e8f583bcb3d4771872a0d556bd920b815c65bde7a503832cbf53485896e6c96e2e151
2b1e2a8f83cea39d0de190e8268935a393bfc6facdf2e3680fa3811feac985eb502721e6dd348185b22bf8815d4e25306a1aeb6e92733a5b1dddfde28dc492b7800000000000000000000000000000000000000000000000000000000000000121ecedc53c3dc39a6c49baa7e187f22cb574ebcdc472c1e3f7b5de2d45198a863c262475878478cb276c8ab03cf01ba695162864771a7c38109443a575cceaf5
6018c32c4219c8774215257595f8cc9536e7eb56e21fcabfc6e9d6a0ed5813236ee58de66422e7b06c065c383f20b6a36d3022daa36a21eca2345a2fcd64eb8b80000000000000000000000000000000000000000000000000000000000000017b08a49daac40355fa68afbf22e2ca03fdf9ba0104cc335ff723c98d627c2e4209eeb6c4aa77f9540b2ea081ba3a6bf8040c8bfdf667994011b86ce53b07a37e
370eece205e2867c814bd7c79b74230be0007b0e312d8661ac2c48a0d1782c521089e62a01e4ec5d1cfec9b39122978983e57e7409a1abd90b9a44013844a23e800000000000000000000000000000000000000000000000000000000000000170bf8f951b2d51a2d935b26191222c597b7b9ab1e83dc8323f5191821ba6ba731e80e0d5c9a55cba4d949b3cddbba74d0908ca9c2f846f9b815cdcfbc8b28b1c
604554209866d50e3e1d30cb9010952ff7c29730b9f360b6fc144b091e88a33168a66f9e5c26212378f5c3867c5c73dd6e0218840c8a4a5f333d57d692214fbf800000000000000000000000000000000000000000000000000000000000000153c0c6992ea0c132ec54cf61f87b96f118d9581eb61fe82d3efbeecd808a621c587e72cda2be7d9a2756613c0f08d21dce4d4fc293c02fa582082264feeb3bca
7578c63b2f1fd17ed30df4925fb8d954fbae21edb4023a435433496aac9025ca25fe834531f07b2531f62ea2dd04345dc0894705ae72c98b9e4b6a2ea54d5e4d80000000000000000000000000000000000000000000000000000000000000014237f7a52bcc4bbc29a1816b5423c9e016526e7658abb09b499bd59892442f877b9010b5a8676887acbcfd2957b86c3fd35b23134ea89ec96cc854cedb77a0f4
3e12b953e8bb38e7c01a168fca433a169e7197d63f4b63acc151c1a0fa2e1ba14de1bd93e379c0ddfe4639563459107719720c7e5a479d80521be9c20a3be82880000000000000000000000000000000000000000000000000000000000000011aa4534f288bfa225e350af616289957a3aa6ec0b5971dd92d6984ee1f6525224ab75961aee80bbb4395ea13d3aecd50b8ab227e94d1c44da52cf623c135b5bd
3ad7854aa8d71eed9fac27802bcf413e6401622640929eddb6ab965d0883e0502101b025a259828c055078cb91ada16346f2fe5dfe4adf8f9c1612d4a3ed7b31800000000000000000000000000000000000000000000000000000000000000114fe6cb6aa3cefea2fdb3461db577a7d99df6874c1f05a861b2a7f37215c9d4756032692ab86202ba049973c49510b04cc412f167c1f4af3c9ab0191bd46c573
1942a1dc3e548e7f11a3dc91ea4836a4e9f2d58dc5cd8e4bba79a5c35d12852e37d2bdd8a79958b04d79c8d802255db1b41fcc52ec313d4310f27c24b5fbcbc080000000000000000000000000000000000000000000000000000000000000014b23b51f3ad1ac18d58e80afbd99adc9530d4aad0fa438dae7fcb46d926fc2a369b895c18a5ca7ce54e2fea084cca46d59e56aa5e0b78e4a30069724db207abc
0509fe4b82dcac4c3b013161ef7b4925a0ef411c0aac012450ca7062ed5380423bfa8bbcdcd4f7c1b7ee65e7224936acfdcf7ce8cf6d3ecede0743225691eeae8000000000000000000000000000000000000000000000000000000000000001093aa0e1e796a06120a5cec271c81be246e5b30b33a4cac86d662bdec6b1c9656d8abe3c30d2bf3dbeb4627b1c6fc83b723499e998b66a6f2533a842729c6d37
17ef9b02e869a8108f27261a0db7da18526d7557abd2c614bd493908f56fcf303902f63998f2191170ef9f0fe51e018338076bf78c0ed4c1aa606b9724dbf9d9800000000000000000000000000000000000000000000000000000000000000121464d26b3326b6b3ff5441630fdc45db7348839b9b922e8da3b139d683ee8a43d7365b2999b2929801577d39e0477449196ef8c8c8dba2e4b89d8c52f822eb9
2d580b3d46e2943d99a36c9e32123b14563b5b1ba897cba1cee35efcf902718b569ddeb2af135bb254a75c2ae15d0ba2bb043f1ae862e6c61ec3c2a8a2c8d82e800000000000000000000000000000000000000000000000000000000000000173cad67e56c64891576d7434c26b59b845d37d1242f3b46e2cd3955c9a0a0f9c186a530352736edd512517967b294c8f745905db7a189723a658d546cbebe0ca
5bcfd96ae5174511c577965722905c543b5bda78acb0be71c1bda48464fe29dd16e36365ce15572d7580a810a13151a9e0762f7aa7654dccdfa805b9c302e94480000000000000000000000000000000000000000000000000000000000000010dbc6831cbc6a1d656cc4783b07ec18c68fd7739fc71752b68beff2132f494e664872f9c6872bc53526770f89f027ce72e05118c071d15a92e8201bd9a16d635
16a5ed988ff4b2759f4b451c614173a60969f7643526ffa81518e3bedbf1a7441b4ff963726c0318c22211bfa7ea488a31efacb3985fa72f2664a6d3a37e746380000000000000000000000000000000000000000000000000000000000000015eed106d8e08e8f43152a423391af91af6ceb7f2bfa21c43a97558d4d92287284225df24e3ee2e179d5ab7b98dca0dca1262901a80bbc778ad154e564dbaf1b2
25eda8f20ae3c1ea78bf3675f0f4e1824384bb6c5cdf0a5471a16b4c9b9aa3515378d1752d7fce49e49f84ff6de3e2911a59eb0e180f5298ad6e1dd43dc3102180000000000000000000000000000000000000000000000000000000000000010640b7be437c9b38653d14b606e0fa8412816d3ef166bb30240e4e709acb53ce737e90837906c98f3585d693f23e0af7dafd25821d32899fb7e3631eca695865
6a0620e5dded45ca7aa88cb1e372dc10fa2cee0e3580f3b794606b77bf158ed264b21153b64401ec369cec068820cd8eb293e7d200cf368580876199fbc95d798000000000000000000000000000000000000000000000000000000000000001633d3e23c8737181c97cbce9881ff85d7285a6b62e7cbc441a31ab43da23b4bc398583b86f191cfc6d06862cefc00f451af4b293a3068777cb9ca9784bb8968a
23ccf9b11782178cfbe64f03747c757aefb0215d310e12b2d3a360a9bc04cbf92e2198e41da2a1a64c513df8c298b8a0ae2a7d6bec3cde557ce462743feacb13800000000000000000000000000000000000000000000000000000000000000104ed2b9b5e4f32798715d1252255ee6f0a7d196656e3e6e24cf4d65513b303907625a8c943619b0cf1d45db5bb542321eb05cd335238323b66165355d899f8e1
1c3dff44a7d81cffb465aa7acdd6170202c7516e6c985ef6ed38a43f63f2017d47e5749f2f4da9fa3c8a4b79a638f697e02005dac3f36951e4db8512ed7695a68000000000000000000000000000000000000000000000000000000000000001104be6718582218421802abb80ee2beb4b3ee495000cd7f5b448a5a833f95e035f68331cf4fbbcf7bcffaa88fe23a829698236d5ffe65014976eb4af980d43fb
4c8d2f660794fbfce54730fb227ec58063ddb0668cd047bd997744ca6190efe32fe2b7ba303304f686dbd4b789bc63ec33b9de1478885257c85b955dede4845e80000000000000000000000000000000000000000000000000000000000000014e63ac1e2aacd53be043100086da1ab5ee2118e1a26decd6828e69189dea365b6338a7c3aaa655883f79dffef24bca9423bdce3cbb242652fae32dcec42b934c
2d36c0eefa589830bb26a48de2c2bba0469c6e73e5f97d0c11606741014dd2b86536a71803ede17cbaefd714b26ada339c6efbb29e65180c6f596b4f6d3c33fd800000000000000000000000000000000000000000000000000000000000000138338fe9dcbb70e742acf2bcd532deb91b3089886a652bdcf73f8b26910526b90f98e02c46891e317aa61a86559a428dc99eecef2b35a8461180e9b2ddf5b28f
41f2ccfc0d9d3b2ce254b592dcfb7168a5770dd5d97a840009613b353642800b598e6280fb22ed17553d33aa06db1a6f200eab909bc673fe7ff50e0965b3c94f800000000000000000000000000000000000000000000000000000000000000110042dd9b5030cd7b4531672bc300152868bfc88aa377d1d50816e8745f89db05ff7a44c95f9e6509759d31a879ffd5af2e806eeab9105c55efd22f1740ec4a1
21de18b535bf1906208bf3021a360b113f1853f833e70985bd41a10a962831e8415493b4fca634c0104c54447aca112c130f66387d60e83e9591d151159b163c80000000000000000000000000000000000000000000000000000000000000014703137807154b2e391482b71db53b4a1076db684ca1918398e2d4911c627b2671f9d90ff1d569a38dd6fa91c495896bdf12492f66bcdcf8ce3a56ddc73b09b6
2060310509dfe239a4f51f17189cff10729f4d965b104ed8fe087249bb0932386ee6277514e2b7b179d956a6edfc161fe22cc2c6a50938e2b467ace75cac047780000000000000000000000000000000000000000000000000000000000000016f0ba1512ba6f88f9b6b6568ca34c05467b703978207f55effa006296eed8e2121e8bd5da8b20ee0c929352e6b967f573091f8d0fbf0154200bff3ad2224e3c0
78f24243be4d9587d3f6b27a2b191bbb274bdf18b0e3195aa1a0fc254e3a0a7410f24d95309102fbd131998a24f37b02fb3e685113f7ea04fa5552e124fe3a8f80000000000000000000000000000000000000000000000000000000000000011c9cfd28228234b84a9f52cbc89d9954c86339208670cec35d3c9603925db91646c605afbafb968f6ac15a686ec4cd566f398dbef31e62794586d3f8db448dd5
251ec6cd952c3475dd06fdc39e5d68d9d287de6b4f6613a8a4b54541893f2208177affdfc83a056c608046d0943ee1bdf302c767ca9c0fd940393674b9b5a2e18000000000000000000000000000000000000000000000000000000000000001437660e648a88a7266d9ea6dd456c6b475927d11b5927062a76f076c87be96aa79133e336eaeeb1b324c2b245752729714db05dc94db1f3ab121f126f082d2ae
2d00edb1c1e6303ed94d3a34c7b04e5eff8fba7f444577d8b7b0693bbf0135295c096960eccf4d5eadd0fb66a35fa48a30d43c2094994a3fc4226bdcf9d1455d80000000000000000000000000000000000000000000000000000000000000017d9306b0a299ce7fa12013d894120fc5648581528371eef507f30b69b24e9fab04d9f29ebacc6300bdbfd84ed7dbe07536f4fd5af91c2215f019e92c9b62c0ac
2ae60973ebec49826806d288db7699fdf733e3bd3efaea19fea2a11e62c01a297b2715b166ee74afee78340a0344f42589373c827949034d81c4541db54a718a80000000000000000000000000000000000000000000000000000000000000014fadce5134acc50a959e6612ce9d7f362b3c77ac48cab7c6db81001a5dec3f9360a4635d96a675ead4c333da62c50193a98710a76e6a907248fdffcb442780dc
487a7ab1a6021e08b5c2b0883684d3e5031a3d651cef9029ec1b12eabc7c11e201abd2cffcaa39f175f0751eb73ada0f65b8719c99969a356cf2f800427948cd8000000000000000000000000000000000000000000000000000000000000001545dc1e1ca80c0bcb93d2cbf2417b00a2abc0a5353ecfb4a5b11eed78d1024f457447c3c6afe7e868d85a681b7d09febaa87eb595826096b49dc2250e5dfb61a
587d000a3956e03a6b171d255381410ccf5f10fe2c51eb0f25903c5e64b2f6cf060cbfff09ac707107ec3dd2a154ca94ec202d2cf3163f7ed635651b3627218a80000000000000000000000000000000000000000000000000000000000000017ebb8883391f05049d33bfb88005a4ebf28714f7fda30765168d3eea4ba36bdd0288eef98dc1f5f6c598808efff4b6281af1d61004b9f135d2e5822b68b92848
5554aaba175b2afc75134f1f1f77052a58e9a2fb88b650b9cccfd95c1132301045dc833b3bd0370e5dd05330a6bb7a94f358ffcf84d616d5b6e4511791c33cff800000000000000000000000000000000000000000000000000000000000000123aa7e1ad4c2fc6bb631e4a4480b71148007079ee73a720ae8cd7dfd532f4e2f38ab03ca567a0728939c36b76fe91dd6fff1f0c2318b1bea2e65040559a163a3
7ad505a243c7c8905276fccad021e3581ab3251b2bc0b32b64910d3c4be9d41271848bf463322e737b0cac64613b4c40ae0fb6d83dc573d2c353cc868142a6388000000000000000000000000000000000000000000000000000000000000001375aef08c409ed94b0a743712fdbeba31d8f029eeda024779c6fc9643482b82e114a21ee77ec24d69eb1791da04828b9c4e1fac224bfb710c7206d3796fa8fa5
73318db7c831fcf9153807ef2035471f23d764fbc37fbb248f996808c22a93bc0557c02bcc9def58356a6bcfb897074eeb2f093c14ec0c6264e1cff54206943a80000000000000000000000000000000000000000000000000000000000000013b9532ded33a4be4cfcfe66f4ee9b11a8b6e058dc7cd4c46523eafb6ac514d9108d59a42598b683660603321622c9dcae923f4e4706567735b82a092a75d64df
77fdfc2830debf773a0e8d544defa586aa282f0e00c9e34690a0934a6fe11ccf51a3f8fd9d89a563ad93c73f0f64d774b6bacb64db4f15be3cfb261c5d1cecb9800000000000000000000000000000000000000000000000000000000000000136e7fda94365801584aa698f39866ff119327f6fd811444acd77a3f9a01722c3123004ad7934ffd4f6ab2ce18cf3201dcd9b01204fdd776a6510b80cbfd1ba7b
289b624058a8bc9c0113a3aa15f030c3ef0316e5578b4679edc1eb87a148c4d32aedcbe3aca6a7dcc00d73427b4706663a1e201bc177620aa21a445759f6c1948000000000000000000000000000000000000000000000000000000000000001233bd940529e395efeee6b9b4e63229056b166a3b28316e500170089f9e2be1939884d7f5ac38d42022328c96339badf529d32b89af9d235ffd1feec0c3a83cf
4bec624dd252bc3ae19b9a3fa1f958013e692c0446642bc9e4e4f28c9ad6cbdb79de4d6ac3e32b6d4a2be1c7f416d881494d7afbc5902bb83ab5ae6fe2d55ded800000000000000000000000000000000000000000000000000000000000000114f8f44aaa1b54fdf8542b85d55942850d0d9fd41b048bde6900f1fca6a92f71560e176aabc956040f57a8f4554d7af5e5e4c057c9f6e8432dfe1c06b2ada11f
361d4c8d1c2bfc7b89bbeab1f9dc8baa1be2f429d6f5854e67a97e0142efe2ec7e3c38b223ecf2a9412e8d7e21ce1dbb933290240f36f6c3ea8b795a8cd4035980000000000000000000000000000000000000000000000000000000000000010282fb3255380011f97f668e4f765cff65295a039639119caf2c4c79cb31f33b7afa099b558fffdc0d0132e36113460135ad4bf8d38ddcc6a1a7670c699c198b
247f04f31a1a1c9c9ced7299ebbed2ea52fed86988b007bd46da6635756a6c7a3f5b724d31398a9a11cc53f3b5e20432dae60d29b70253e0b971224e31daacbf800000000000000000000000000000000000000000000000000000000000000162f462ba22e939208f662dc83b22729e3620ba08d41ecfa3dc4a15e790b0c5cf3a173a8bba2d8dbee133a46f89bb1ac393be8bee57c260b8476bd430de9e7464
5d86b6732aee644d6b75e12f58e75a93fe05e129ca61e751312b9b3d391185ce32cdf47568c0a7450a2ae920cb26c1a3e21ad8d6098bfcf5c63ab8d385e0586180000000000000000000000000000000000000000000000000000000000000017ce75af6b66c6c4e145430c12ff9b1075a0e55647d126fb4f2b67f3b3a9c439806314a1293272763d7579e7da00c9df14be3553705db20961a9301898ac778d2
2d7e269794a619527063015b62fe974d02ba11da1b76aad1450f7be72b1275c4642e8417fcbb248c1907351a77e470a65dbe34aa69942fe3ce6046a973c0d00e80000000000000000000000000000000000000000000000000000000000000016f36849ab1a785ed69efd7a21eab5bfe7a8c53c8149bb27ddd4eda9d584ad9d32192f6ca9cb0f4252c2050bbc2a948030ae7586fd6c89b0445624ac54f6a4c5c
652db452d800e2006ace07a086a27711c3d353f911fda5096578ca82310d2d446ea8400470b8c77d057557d9101e7b84f9cbd3ba3cca882b63503b0fc8ce8132800000000000000000000000000000000000000000000000000000000000000159bffe2f93203565719af1cd0ddc0dc3325dd4dd5885920e67daddf474be78ba4c8003a0d9bf95351cca1c65e447e4799b4456454ef4dbe3304a441716830e8e
628d66a1b47fccdf397727020c8b68a45676d6e798d148929fe07f6c5ac2b68f0d578931a66286c144d3f580ac22cf519e52409e7128def6e1696b952e0a7dcc80000000000000000000000000000000000000000000000000000000000000014c19a04eb0a136bbe514f2f74e138fbfe058846d7dc3082a13135361c0b8743a67ccbf629ebd928835d61a1163d8e0803f4ef7250479efabd9d9593c7e8f178e
28c020dce3fa02f2b82dd4b6a93d88367f10ff8bef84b053aa91cda1a7b93f630185d8193895fae9d0c279accc1db9c4d8447b40a833892baa7a03a71ff9fde380000000000000000000000000000000000000000000000000000000000000016c31bf1e351e3c94099e0195fa213c5b14c06e1de3d2ede5b2db346defd2ab15279c81c395c386d7ecc3fcd40bbd8749d67f23c4385a24349a499724205aa9d8
49ecc3f1ea246e218e51781fb3ab033a7e2acdf70a6bc9a52085119b103b158350716e24c9be48402a6d110066a19c25ca00ebd817e446bbe16bb2f294d3ac9580000000000000000000000000000000000000000000000000000000000000012e7490026b614b259547b8db6976c3cf195cebb6a56adb3638101ed9a91062bd2316dffb293d69b4d5708e492d127861cd462892b52a49938fdfc24caddf3a87
05d96ec9267a438755dc3384010a2ab28f169f311d4dc1dcf049e97a50a308a36434be3826077190305071e729e854696bd98d9c8f2e096ce3fda2031ec4786b80000000000000000000000000000000000000000000000000000000000000016251cb4f1554e8c5a31bffa988279f685d03c8636424e670484f10ec7126e3b23b5c6961d5562e74b9c800acefb0c12f45f86f3937b6331f6f61de271db2389e
2ead79da7d85113f7f18ffda0350c979bff04998cc6005b4a4ec2f2eeacf04ea22310fd8e73df211b7d5289f0e940b37a3b38bc1aaccd64e30ed7765f3c1f57f80000000000000000000000000000000000000000000000000000000000000017bcdb4767201fc6b81f944094b1c0a004c7bdb08bc7b44283b7547ba47ead306086497131bfc0728fc0d77ed69c7ebff670849ee870977af8915708b702a59f6
31b179889b7715569cd2ab86f8e6fab165df21a28f5a57a76ebde01890dcc67a47042d16345a2991b50f74c7aa76f8cbffedfac15f662624af129889672af3358000000000000000000000000000000000000000000000000000000000000001597a7ccdc48afcc71e4d96adfab4354a6fc2fbcee40e53c867fc36c326a9d2724d0b066476ea0671c364d2a40a97956b207a086237e3586f30079279b2ac5b1e
7bda1f0800bfcb6300e8b63cb1d0c982aab89b2ad3eb4e0df8c047bede1342595fcbd87d8d36482c034d558fa51a3259e5f95aa628699e582a84f7abcdaeae2d800000000000000000000000000000000000000000000000000000000000000149e9f2d4fcef6ed2f9303d6c512f2df03959a156563561e18a819daae77838036c2c1a560621225a0d9f85275da1a41f8d4cbd5353953c3ceafcc4aa310f8ffc
4450aad715b7b4ef6c37f7dd33e3edacac4dad0bafdf4d1386f229232ec3455e56be3ed3b75d2647c195dd02d927b34679bd929632b5f0a37641a4622fd90c1c80000000000000000000000000000000000000000000000000000000000000011d9bc8541a0810a6f4dd7e92340ede8b34ff2577ff3c87fd9c18e41506a3c26a44c86f57cbefdeb2164502db97e242e99601b5100186f004c7ce37d5f2b87b2d
3f6ec1333eb928804e10ad8d626aff81ade338e168b0dba6560684defebf2d645d32acfd469e9bd8b012e4ca84f3648b9d08ad71f34e07d9cf0e9f1b4b181308800000000000000000000000000000000000000000000000000000000000000108d4003facb8082e5aa5461bcc3c9c17ae1eddf9b58abe2215dac48e6c439b196e57ff80a68fefa34ab573c86786c7d0a3c2440c94ea83bbd44a76e32778c9cf
0621598979541e088835be12933bef7a58b42b00aa9c1e150cf7fc61e4c33a4d267861001cb2e2988d883748efef605358d6fc8833f7dfc5febed16e01a1acc880000000000000000000000000000000000000000000000000000000000000013cc9595dd3790642ac54f0d8887820b346c24c8d377ff6cd577d4412a8a8fb5b066d4d44590df37aa7561e4eef0fbe99727b66e591001265510577daaeae094b
430e2cbb46341ddeb1c776f7c5920374de53fb79c217bb7e9029728c475e0add246a900bdb483290cd365272ffb303c9bb9baa217e7232ba35cff659a3db107a80000000000000000000000000000000000000000000000000000000000000013e77383bd330c73f02cc5baa5d1604bb07a2a572839ed064d6e82d20ae9515e303118f88599e7181fa6748ab45d3f689f0bab51af8c25f36522fa5bea2d5d43b
0b08a5b584ff9bfcea2a2310a99bb7aa2c6a5e63469274f57ed7ac99f7763ff86b264a704b9ec782239c8967113f1b15988a1348dd515d2705a12881695afe3b80000000000000000000000000000000000000000000000000000000000000016ce15324b981d6e6e4d390bca0cdae61841c8989a4b7af9a592f627752f1ad92263d59b68cfc52323658de86be64a33cf7c6ececb690a0cb4da13b115a1ca4de
0994cc772544947da8f1cd024082e4c4fd32337b097286aa4b5f706aca1c75443327c83ed5e37dcf9c028f988a7fcd038839d3343f8bbe3dfbfb8cd31bed00a080000000000000000000000000000000000000000000000000000000000000017035b6768b9c4371781c25704e65720559b63b60866a9c6a21d4ff98b5fb51051f949312e8c7791d0fc7b51f63351bf54c93893ef32ac72bbc5600ce94095df8
28a8d466e234dbf4ed053eb5eb354b6d4e164f2553bbf7a64249cbef3b6d5e78423642cdda94c16130d98504e67491947a46bf70e98bb41fe6120513257bb8bf80000000000000000000000000000000000000000000000000000000000000013df58d255ebb2bf110c42bd0659340b92c5a304dcdc845d2329acb1baaaf67b90414e5b54289a81dde77a85f34d97e8da74b9f64646f745b9aca69c8aaa1308f
225796a505ad4d4d20f0a41f46fceb536f0c83240e2ed57b86125ca1bab8f814183c7cc2a7960ac5a84c815802cd10b4ea866b0cbefc0405f42002df6c3aa78d80000000000000000000000000000000000000000000000000000000000000011de937bcb8b5dd1fc19831872556edf3c0af419bc8590372af663f60a50a6820442d90868e9445c07ccf9cf1b55224187ea17cc86f4df91aa133813eb5eb2fc1
29127c165a1d41be549b1db273896d8be9463106f2267d8736c7c70808dab32671a11b3746de60546acae68a62d4ba468ddee681da29c426b8699c0b868fdcc580000000000000000000000000000000000000000000000000000000000000010c01914686585e72f8a6363163778d975914ebd5295ce7f9d5f5642e80e9d03f67fcdd72f34f431a0eb3939d3910e4d14dd62855ad46300c541537a2fe2c5f83
798eb967f18836da884c70d30c23c92fa1d55e32e1d3d8142ffd1a52da91418e4b4b5139abc0cb6f0795a7b83876cdf021ed3dd001c251da3f1ba9393c36a2e480000000000000000000000000000000000000000000000000000000000000014ecdfbd0f8c364c60a6632496510c02df9672835365dfee05e9bc5f09e30ff096264085e0e793673eb339b6d35de7fa40d31af959344023f42c8741ec39e01f0
33553ec49d634977a3e2d7880ea265edd081a935e964b022aa555bbfda9539611712efbed40f1a53a9f26ef3b5e7f589df847589cc5dcfeb845e8ea5ba03b2a080000000000000000000000000000000000000000000000000000000000000013925d85d33e630e86acf1c77c3253e0132b00e22fb34237be1e600d145382b000db44f4598339e2f2a61c71079b583fd9a9fe3ba0997b9083c33fe5d758faa01
29aac606e35cf78d26fdb27e9210d5a26c362ec2a1fc74422a530d66726513173de5b56679d1d113634f5183f86f5c3283618090f45a36e0b87b768421dc936480000000000000000000000000000000000000000000000000000000000000017ab9136cf67f42b27717cb186e38271ff58bccefa1a98db4ea6358db24283e990a8dd92613017a9b11d069cf238fb1c014e86620bcace4962b394e49b7af82d0
0bb607193c15173bb47d765b72342a000b121e9b152e92a6af219140696bf8e8555b52bc0d3f995db85e93185da449697fd4fad0a55330734374f59433a5c61980000000000000000000000000000000000000000000000000000000000000015ca5d5241dfc2a7c0262b3edb110605fba66d3608b07bd814267d5a3d799d1c046b455b7c407ab07fb3a98249ddf3f408b32593ee9f084fd7b3054b850cc5c82
5cf625e94c4959bb1ab80e770e34ba395faa755cefbfe3bb25e3a9673ea8b1ec0ef03ea58e4ea9f9b6bd3f789df60aeffd533914a4c027baa33093c724bc10358000000000000000000000000000000000000000000000000000000000000001300784e9e46abd260032f24ad67c63b0fac09fefbd6062857069c98a5de278361ff0f62c372a85b3ff9a1b6a5307389e0a7ec020853f3af51f2c6ceb443b0f95
00000000000000000000000000000000000000000000000000000000000000000000000000000000000000000000000000000000000000000000000000000000ffffffffffffffffffffffffffffffffffffffffffffffffffffffffffffffff00000000000000000000000000000000000000000000000000000000000000000000000000000000000000000000000000000000000000000000000000000000
00000000000000000000000000000000000000000000000000000000000000000000000000000000000000000000000000000000000000000000000000000001ffffffffffffffffffffffffffffffffffffffffffffffffffffffffffffffff00000000000000000000000000000000000000000000000000000000000000000000000000000000000000000000000000000000000000000000000000000000
00000000000000000000000000000000000000000000000000000000000000007fffffffffffffffffffffffffffffffffffffffffffffffffffffffffffffffffffffffffffffffffffffffffffffffffffffffffffffffffffffffffffffff00000000000000000000000000000000000000000000000000000000000000000000000000000000000000000000000000000000000000000000000000000000
0000000000000000000000000000000000000000000000000000000000000000fffffffffffffffffffffffffffffffffffffffffffffffffffffffffffffffdffffffffffffffffffffffffffffffffffffffffffffffffffffffffffffffff00000000000000000000000000000000000000000000000000000000000000000000000000000000000000000000000000000000000000000000000000000000
0000000000000000000000000000000000000000000000000000000000000000fffffffffffffffffffffffffffffffffffffffffffffffffffffffffffffffeffffffffffffffffffffffffffffffffffffffffffffffffffffffffffffffff00000000000000000000000000000000000000000000000000000000000000000000000000000000000000000000000000000000000000000000000000000000
00000000000000000000000000000000000000000000000000000000000000010000000000000000000000000000000000000000000000000000000000000000ffffffffffffffffffffffffffffffffffffffffffffffffffffffffffffffff00000000000000000000000000000000000000000000000000000000000000000000000000000000000000000000000000000000000000000000000000000000
00000000000000000000000000000000000000000000000000000000000000010000000000000000000000000000000000000000000000000000000000000001ffffffffffffffffffffffffffffffffffffffffffffffffffffffffffffffff00000000000000000000000000000000000000000000000000000000000000010000000000000000000000000000000000000000000000000000000000000001
00000000000000000000000000000000000000000000000000000000000000017fffffffffffffffffffffffffffffffffffffffffffffffffffffffffffffffffffffffffffffffffffffffffffffffffffffffffffffffffffffffffffffff7fffffffffffffffffffffffffffffffffffffffffffffffffffffffffffffff7fffffffffffffffffffffffffffffffffffffffffffffffffffffffffffffff
0000000000000000000000000000000000000000000000000000000000000001fffffffffffffffffffffffffffffffffffffffffffffffffffffffffffffffdfffffffffffffffffffffffffffffffffffffffffffffffffffffffffffffffffffffffffffffffffffffffffffffffffffffffffffffffffffffffffffffffdfffffffffffffffffffffffffffffffffffffffffffffffffffffffffffffffd
0000000000000000000000000000000000000000000000000000000000000001fffffffffffffffffffffffffffffffffffffffffffffffffffffffffffffffefffffffffffffffffffffffffffffffffffffffffffffffffffffffffffffffffffffffffffffffffffffffffffffffffffffffffffffffffffffffffffffffefffffffffffffffffffffffffffffffffffffffffffffffffffffffffffffffe
7fffffffffffffffffffffffffffffffffffffffffffffffffffffffffffffff0000000000000000000000000000000000000000000000000000000000000000ffffffffffffffffffffffffffffffffffffffffffffffffffffffffffffffff00000000000000000000000000000000000000000000000000000000000000000000000000000000000000000000000000000000000000000000000000000000
7fffffffffffffffffffffffffffffffffffffffffffffffffffffffffffffff0000000000000000000000000000000000000000000000000000000000000001ffffffffffffffffffffffffffffffffffffffffffffffffffffffffffffffff7fffffffffffffffffffffffffffffffffffffffffffffffffffffffffffffff7fffffffffffffffffffffffffffffffffffffffffffffffffffffffffffffff
7fffffffffffffffffffffffffffffffffffffffffffffffffffffffffffffff7fffffffffffffffffffffffffffffffffffffffffffffffffffffffffffffffffffffffffffffffffffffffffffffffffffffffffffffffffffffffffffffff40000000000000000000000000000000000000000000000000000000000000004000000000000000000000000000000000000000000000000000000000000000
7ffffffffffffffffffffffffffffffffffffffffffffffffffffffffffffffffffffffffffffffffffffffffffffffffffffffffffffffffffffffffffffffdffffffffffffffffffffffffffffffffffffffffffffffffffffffffffffffff00000000000000000000000000000000000000000000000000000000000000010000000000000000000000000000000000000000000000000000000000000001
7ffffffffffffffffffffffffffffffffffffffffffffffffffffffffffffffffffffffffffffffffffffffffffffffffffffffffffffffffffffffffffffffeffffffffffffffffffffffffffffffffffffffffffffffffffffffffffffffff80000000000000000000000000000000000000000000000000000000000000008000000000000000000000000000000000000000000000000000000000000000
fffffffffffffffffffffffffffffffffffffffffffffffffffffffffffffffd0000000000000000000000000000000000000000000000000000000000000000ffffffffffffffffffffffffffffffffffffffffffffffffffffffffffffffff00000000000000000000000000000000000000000000000000000000000000000000000000000000000000000000000000000000000000000000000000000000
fffffffffffffffffffffffffffffffffffffffffffffffffffffffffffffffd0000000000000000000000000000000000000000000000000000000000000001fffffffffffffffffffffffffffffffffffffffffffffffffffffffffffffffffffffffffffffffffffffffffffffffffffffffffffffffffffffffffffffffdfffffffffffffffffffffffffffffffffffffffffffffffffffffffffffffffd
fffffffffffffffffffffffffffffffffffffffffffffffffffffffffffffffd7fffffffffffffffffffffffffffffffffffffffffffffffffffffffffffffffffffffffffffffffffffffffffffffffffffffffffffffffffffffffffffffff00000000000000000000000000000000000000000000000000000000000000010000000000000000000000000000000000000000000000000000000000000001
fffffffffffffffffffffffffffffffffffffffffffffffffffffffffffffffdfffffffffffffffffffffffffffffffffffffffffffffffffffffffffffffffdffffffffffffffffffffffffffffffffffffffffffffffffffffffffffffffff00000000000000000000000000000000000000000000000000000000000000040000000000000000000000000000000000000000000000000000000000000004
fffffffffffffffffffffffffffffffffffffffffffffffffffffffffffffffdfffffffffffffffffffffffffffffffffffffffffffffffffffffffffffffffeffffffffffffffffffffffffffffffffffffffffffffffffffffffffffffffff00000000000000000000000000000000000000000000000000000000000000020000000000000000000000000000000000000000000000000000000000000002
fffffffffffffffffffffffffffffffffffffffffffffffffffffffffffffffe0000000000000000000000000000000000000000000000000000000000000000ffffffffffffffffffffffffffffffffffffffffffffffffffffffffffffffff00000000000000000000000000000000000000000000000000000000000000000000000000000000000000000000000000000000000000000000000000000000
fffffffffffffffffffffffffffffffffffffffffffffffffffffffffffffffe0000000000000000000000000000000000000000000000000000000000000001fffffffffffffffffffffffffffffffffffffffffffffffffffffffffffffffffffffffffffffffffffffffffffffffffffffffffffffffffffffffffffffffefffffffffffffffffffffffffffffffffffffffffffffffffffffffffffffffe
fffffffffffffffffffffffffffffffffffffffffffffffffffffffffffffffe7fffffffffffffffffffffffffffffffffffffffffffffffffffffffffffffffffffffffffffffffffffffffffffffffffffffffffffffffffffffffffffffff80000000000000000000000000000000000000000000000000000000000000008000000000000000000000000000000000000000000000000000000000000000
fffffffffffffffffffffffffffffffffffffffffffffffffffffffffffffffefffffffffffffffffffffffffffffffffffffffffffffffffffffffffffffffdffffffffffffffffffffffffffffffffffffffffffffffffffffffffffffffff00000000000000000000000000000000000000000000000000000000000000020000000000000000000000000000000000000000000000000000000000000002
fffffffffffffffffffffffffffffffffffffffffffffffffffffffffffffffefffffffffffffffffffffffffffffffffffffffffffffffffffffffffffffffeffffffffffffffffffffffffffffffffffffffffffffffffffffffffffffffff00000000000000000000000000000000000000000000000000000000000000010000000000000000000000000000000000000000000000000000000000000001
a97a6cd4d3c95a16aa0c1bef503ab85c70e1fa615c475f4be9665e45ab4b6a73823b0ff9a9c5e15804340f9077e1154948d57797587249ca3f1e1e6d27210297ffffffffffffffffffffffffffffffffffffffffffffffffffffffffffffffff5782a82328c58689243f1ab5e29954c176b398262ef0ec969cede8da5c6b4be65782a82328c58689243f1ab5e29954c176b398262ef0ec969cede8da5c6b4be6
56dafed44f60ca0e0028c2d29eb83c5842c176a36251a0ee3a37598e55b6f3cf5a9dacffd9778a45a24722ddd04a7ce78375dcefcd3e49cf94fddee9cc46a86bffffffffffffffffffffffffffffffffffffffffffffffffffffffffffffffff4ff39562b6e84686bd9cc849f0c906b8c404040e0820ba2dd191c229ded8aae74ff39562b6e84686bd9cc849f0c906b8c404040e0820ba2dd191c229ded8aae7
c4f8d3da43390f2bae481f7cc4e5857058935d4dfd239c5dd986e9d3bbf2cb24dd4da9ffa7fc32a05b26108288deaff451d5383996ceff31275bee62f7d0b386ffffffffffffffffffffffffffffffffffffffffffffffffffffffffffffffffb0df2585b45b1aca95248844f4273a395defa9046e0f96d16b9f65a4a1e705d4b0df2585b45b1aca95248844f4273a395defa9046e0f96d16b9f65a4a1e705d4
b041753447c8702aa350e222a98c7211168deb2c2ab3568f0b5997f72248cd9eb989336262a5f601eeb0bc4ecf0cae45b32e722539f048332b8a3147c5d9439dffffffffffffffffffffffffffffffffffffffffffffffffffffffffffffffffb875e21a7cba0b6f61b930079d935439a524f5877a18b2146d8f3551ffe0a612b875e21a7cba0b6f61b930079d935439a524f5877a18b2146d8f3551ffe0a612
3f3ca849ad5122b6a90b690c1ae92d43c5bb7172208ff54f27e947c07d78198044135155788c39252015a2fd7c451590f36d2b47b0585f077813a28320b13a2fffffffffffffffffffffffffffffffffffffffffffffffffffffffffffffffff393a6c1f64dd43d9410a755b9e29880ed7ce14215e60f210a6635dee7cd8a308393a6c1f64dd43d9410a755b9e29880ed7ce14215e60f210a6635dee7cd8a308
394c02263bd75dd1f859a5e41029c243e0ed03db922d01675c63d32c04eca5f6f7ad174ecb688891cd3a6697c09733918e831136f38de584a81256b7a1a6e272ffffffffffffffffffffffffffffffffffffffffffffffffffffffffffffffff440a2cd1fdfb5d8e4a606eda14a90c43d8064eb5429999fac96d6ef9d82a1026440a2cd1fdfb5d8e4a606eda14a90c43d8064eb5429999fac96d6ef9d82a1026
5da3b529f14d03ba37052b68af74433c15bcd17138061b29f87d5ee87d18702f9b3dbc3881e8d6480e547f877f599182a5beb29755903ebe1236177ddbd38f5dffffffffffffffffffffffffffffffffffffffffffffffffffffffffffffffffd3f0ac5241910f13005562fdbc92207859c484372a25063235896e63b239fd1bd3f0ac5241910f13005562fdbc92207859c484372a25063235896e63b239fd1b
5848b54bbc43e44be8d2febd81f59b24e650120746e228afae6d65f4caa8723f8e39dbefb608459c03b06ded9c55759852d4bf564232b7b2b7b8afe8868832e2ffffffffffffffffffffffffffffffffffffffffffffffffffffffffffffffff94bac175edd519c60513d8fe31f7defe1ae247715d598191f57a26a625002f3294bac175edd519c60513d8fe31f7defe1ae247715d598191f57a26a625002f32
ad898db73e34a67687d045402b08c749972e676bc74e45beb88889d7619cc220dba362c950fb71c02aee11600ce271c445de336f346c181abf0632c7ae994963ffffffffffffffffffffffffffffffffffffffffffffffffffffffffffffffff2c4d3461e142fcd170a5336d983753f71a807705ee840931e1126ac1c45634a72c4d3461e142fcd170a5336d983753f71a807705ee840931e1126ac1c45634a7
4d86227ae31fb90a7a4382fe97f73226bd58df18295daba4272da5afd9dc6599f7bae2314107a6b269961ddf4d53f45e0d2fda1cbc29ae81ea5843285258c851ffffffffffffffffffffffffffffffffffffffffffffffffffffffffffffffffa6373880bf395a423e3ca21901594572f2410132b1d265eba3cbfcb867d0ca20a6373880bf395a423e3ca21901594572f2410132b1d265eba3cbfcb867d0ca20
3c80d6034668d3273f755efad10d43094f3a589edaf0f7f74e584c062de0bf87f13ef170bf6495e7935af156cd2997aa6560904ad864df66c01f8882cce1e072ffffffffffffffffffffffffffffffffffffffffffffffffffffffffffffffff8989ae853b15a18f742137567c97ad44580c690784f0334b09bfead9321c59e28989ae853b15a18f742137567c97ad44580c690784f0334b09bfead9321c59e2
3ef8d8ecce6927a829194a65a8ac632b1b341125293f7d74720e8bc8978c4c86bfd1c446c5f9e790a1af988112be5a0074d506e4b86d36a7e3d5571a07f1eee1ffffffffffffffffffffffffffffffffffffffffffffffffffffffffffffffff9b2274699e28664c5d262e7eac9318cd02a8c2b154b7902382ebaccbb34d91a29b2274699e28664c5d262e7eac9318cd02a8c2b154b7902382ebaccbb34d91a2
3a9f7d793e090783a8e5c94d53e5de71c054a93fbf73dc589d9d5e1a4caa55234949736a23ed4697d0f8cabd7646ab2bcf93e8fb5b2ee1f37a825be1ca17d110ffffffffffffffffffffffffffffffffffffffffffffffffffffffffffffffff60f444ad89a7774bb8109bf1360cbe1d52225834717cb75cefceec4f659d6b6560f444ad89a7774bb8109bf1360cbe1d52225834717cb75cefceec4f659d6b65
34c71c3808092b47fbe054da399206e25d46735dae3f4cb6f531a1bcb55fcbb7249e6d4fc35c063369abed8438e0382a2dccba4cdb7d9db2b763c18c9bc75d60ffffffffffffffffffffffffffffffffffffffffffffffffffffffffffffffffcb98935804a52be22ab2b19d86ff36152a72a9de0f50aaae5efab459b8dfb302cb98935804a52be22ab2b19d86ff36152a72a9de0f50aaae5efab459b8dfb302
a327cf25650f0515b78087a218a7d40a8d01141c5791a7eae234f1b9749b255b14a11c1209b76aee53ee26254b8bc12066f2620095e771b6d587d1f72f9a3b05ffffffffffffffffffffffffffffffffffffffffffffffffffffffffffffffffbde9a0c2690487deb3cff5b8932a26b256ac044fa3e740f49a5a3949c9d00fc0bde9a0c2690487deb3cff5b8932a26b256ac044fa3e740f49a5a3949c9d00fc0
a424c98a2c80dd8bf6ed7b4009c4aa4b4d7866c3bece6c72f0e128656f73a345f3fdedaff53a5c8bc8317c0d86545530fabbd3da4b95f6f237defeef62c1af58ffffffffffffffffffffffffffffffffffffffffffffffffffffffffffffffff08fbb81243e911e85129c0a1a052da40dab721726d8f5af85462571ab2201f2c08fbb81243e911e85129c0a1a052da40dab721726d8f5af85462571ab2201f2c
608708466431d8584f366acff0bc9cd96723eb5d5757b74832f865aadf26d5a3872a50f77e55f7087a76bce03399beb5bbc39ad0c902b97d075c43371c595194ffffffffffffffffffffffffffffffffffffffffffffffffffffffffffffffff9fd668fc3b35b1a520c6a1970fa8b0a996a8b489e1889abcb37ebb1eecd9ad799fd668fc3b35b1a520c6a1970fa8b0a996a8b489e1889abcb37ebb1eecd9ad79
324eaab1c297526ac8045b4c4a3c6c61885a6fc09c0cce795551ed9bf8ea92df9d61f7db42e28ad065b395b0ee0602b13b1b6cb085bd00558218318be40a419dffffffffffffffffffffffffffffffffffffffffffffffffffffffffffffffff2e7748786937518fb8ec1a578274ab4e8a0562d859a0cc2db187c2d560412eaa2e7748786937518fb8ec1a578274ab4e8a0562d859a0cc2db187c2d560412eaa
4134bc509f25b0a009c3cdf5937e336fd73d2e19c833d03ac0ff92e31c5adf7e5f8c756dfbb2dcd0bdcf1b7848bbb4eac281395d34358c7e6976fe2fe670a94fffffffffffffffffffffffffffffffffffffffffffffffffffffffffffffffffddc2279259732d59209beea83e3d0768476e8b9ce57dd9b3a82c926091e1e28fddc2279259732d59209beea83e3d0768476e8b9ce57dd9b3a82c926091e1e28f
44fee3fbbbf1e89d5b5ef4d3fcaa730836ae1e3407179237787e660a91003bad68b531cb91880e2cff11e8741d5a5542538672293592babcb429f3e20a5758fdffffffffffffffffffffffffffffffffffffffffffffffffffffffffffffffffcc7366a95bb9cda61680e55d9cf3afc90b09eea01b4250ca477d43c1eb8fd8ebcc7366a95bb9cda61680e55d9cf3afc90b09eea01b4250ca477d43c1eb8fd8eb
5e70340b4cda3c1afab3e625bb96265fd146e4de8c1c5f5ea03201e6b4673d1f7127e13cd2918b40f169d13b4a77f4e4461da64a762efdff643c7a56f960010cffffffffffffffffffffffffffffffffffffffffffffffffffffffffffffffff3fbf2473d22b2938cc84fb3e657fb321ba5f0e8ae10f6a1719e13eddfa9d9b8d3fbf2473d22b2938cc84fb3e657fb321ba5f0e8ae10f6a1719e13eddfa9d9b8d
b59ecd9e8e7bbecd616326d929ff2f4690f7f293647ba83249849ba80fd916b301ec8c4507ed744165c3d1d3d6bbb8ed4de857f6ad7adf67a85555733e86735dffffffffffffffffffffffffffffffffffffffffffffffffffffffffffffffff2daf6dc403bc6452b35944a5bb40e7d162053efad46971113234afb5bec9d0d02daf6dc403bc6452b35944a5bb40e7d162053efad46971113234afb5bec9d0d0
ed6a4713713a7fea88d762a8d4af80c21fe28148b44b5f54c4519d3ed224e1faccec8ff7ff3d924fd325f660fc957b0cbc35fe43119d82fee9d1621f41c1981bffffffffffffffffffffffffffffffffffffffffffffffffffffffffffffffff2d99234d687ebf12763f7cd5624be0b17c1d909a683430432cfa3991a6ef24322d99234d687ebf12763f7cd5624be0b17c1d909a683430432cfa3991a6ef2432
c65d91a11ed014dec29d5570f791468131c1e3997af324e00fe778ebf61d2f6179028c921d6121b4c72719d93acf0741d477ae5d34e6883f0f170f27dc0f5b3bffffffffffffffffffffffffffffffffffffffffffffffffffffffffffffffff63c2be1f25c388519d02f8b43905f39f3e4b0f5f56f41f0b62263a4ca25ed13263c2be1f25c388519d02f8b43905f39f3e4b0f5f56f41f0b62263a4ca25ed132
cb570031bdcacf4da15131aabf705aff4bc5a397501bcd895f6a008dde0a758f49ee34d3d547b9312a04e35fcf8ef24459de5311c01309bd5ec6a9ee694126beffffffffffffffffffffffffffffffffffffffffffffffffffffffffffffffffa28f146e7d98f2f6efa97783e61caf0253d2ec0b38a9fecb47805d6ffbde9066a28f146e7d98f2f6efa97783e61caf0253d2ec0b38a9fecb47805d6ffbde9066
a60635788fe6d209ab7fa9b54210ec28117fd099faa3ea0ee768b6a6198644e90dbb0b660a56206488b9e539ccdfd4c113664ac9decc3d187013f248bd68a1bbffffffffffffffffffffffffffffffffffffffffffffffffffffffffffffffff92307b3a77c5eb912f0d43f2ed46bd8ad715328afb6336ed1965670024d3c6df92307b3a77c5eb912f0d43f2ed46bd8ad715328afb6336ed1965670024d3c6df
1d9ecaed4c6c001e9da9a087093a25394d3c64e40da2b5754ae24fd71386b65fbe44ef0e21807487ddf925166499cdad35c47d7d286f14193334e2f88d7fc23cffffffffffffffffffffffffffffffffffffffffffffffffffffffffffffffffb1524c18cb036bd34f42d09821fe10ee3549b48d322854009474483b1564b71db1524c18cb036bd34f42d09821fe10ee3549b48d322854009474483b1564b71d
fc660f1deaca7f85cd7309ebedc681f189064828362659ba598e1fba696bf91e9a67821f65b14d550a316bddd8719acb5bf09af111f43660dc52f9365124c6a9ffffffffffffffffffffffffffffffffffffffffffffffffffffffffffffffffb88330e1077204b04a2164e44b50afa8188802f0a33af387307719866296c400b88330e1077204b04a2164e44b50afa8188802f0a33af387307719866296c400
89e77b920a8cf6e7fb8bf63693a14644be7986dcf3ccd861f35088015321b4f4541edbbf15408783a9a427360c4c17a93ba597c936dd8bcd6f90aba6026835bafffffffffffffffffffffffffffffffffffffffffffffffffffffffffffffffff63a07c776c4b3cd2b4eb4f0308007cf6b74b28bc58006690473c06cc65d6860f63a07c776c4b3cd2b4eb4f0308007cf6b74b28bc58006690473c06cc65d6860
2cec39bca9adb6920b169cec7e1b4a785d1aa20f33c8d30afd4954681242e038cb3aff264c76b8c4557f2010321ef9d79e4ed419e921be81988c8bd7005a21b1ffffffffffffffffffffffffffffffffffffffffffffffffffffffffffffffffc55ca2e1700a9da25ff72a5abd9fdbd40e795ea0e8d257f128d5fd5c3a953f79c55ca2e1700a9da25ff72a5abd9fdbd40e795ea0e8d257f128d5fd5c3a953f79
f0ea550d48de0f2a3a0181f9988237b7cefc08e7d3d0e51d53b74a9fee0bb125fcbaff07bb9eb56e2a97930d78aefd81680a593dd064815cadf38b2f41c3806effffffffffffffffffffffffffffffffffffffffffffffffffffffffffffffffc7b4bca5056c94ccbf1f34328f039035ce741824a1bd3c3aadba44df29f6425bc7b4bca5056c94ccbf1f34328f039035ce741824a1bd3c3aadba44df29f6425b
1e248a72614076a0360c5181ac8aa1f1b65319813e0061c6a6d7c437387651283d08ed8fe87d4aebaf4723b79f1e2faaf1f0883065e535b88e597c20074c7c41ffffffffffffffffffffffffffffffffffffffffffffffffffffffffffffffff571ba2b3a30e1b3fa1ac137c686f452a9247de6ffd4b30ae38651cc3e736763d571ba2b3a30e1b3fa1ac137c686f452a9247de6ffd4b30ae38651cc3e736763d
4607f0d335f73ad71c110574bb97bf1ec46f048c9d68f085b3ebf6c76df3591f2e8fbe3e063fb53a0ad8c85b9b31e1064f3f5437484315c74c7e28c20e26e950ffffffffffffffffffffffffffffffffffffffffffffffffffffffffffffffffc8d2cc28ec149e96c24f5df0da0a56c34b93aed111debb60f47face6e11a1270c8d2cc28ec149e96c24f5df0da0a56c34b93aed111debb60f47face6e11a1270
9a7c59b3d3469bbab309a9d103e18e23efea2126ae5e702d3604f98a2fa9d1f124aee7f56577d5ea29428ea5475d429f3f2664b2840498e2109f1451e28325ddffffffffffffffffffffffffffffffffffffffffffffffffffffffffffffffff58c0de8fec897504d1a13b292cb38cbadd15a87206a34b83997b27859656877c58c0de8fec897504d1a13b292cb38cbadd15a87206a34b83997b27859656877c
6799ed5c9254780a175c62a4115a34369482f0d846e2bd64a65f2599ba9bfc85a00e13a37f07858a9f3a8c8039059db04dd7b57574772be7e39fbaf9cef7b6b0ffffffffffffffffffffffffffffffffffffffffffffffffffffffffffffffff423c8a0cd70fb0d3197beee5b1dbfa8948152c6bdcdcfff126ab8c9d849be743423c8a0cd70fb0d3197beee5b1dbfa8948152c6bdcdcfff126ab8c9d849be743
9329fa875206689c43a1f512bba95b81e8e2357b7871d8866687b4f33ce31f1d076755e24d8910e766ce030ef2c3ff2642dfe94f0804f118be85844c80e316e5ffffffffffffffffffffffffffffffffffffffffffffffffffffffffffffffff10a572a8574c84d4b151b95a3db2347c4606c89922e858831edd811cec03c65210a572a8574c84d4b151b95a3db2347c4606c89922e858831edd811cec03c652
b03f3fc448af4feecaad5c2d9b1a60e290730b26d527a2a5de0072202451c3539c3df8cc0cbf9825c0a2b228661712ae973f6fd85d2027193ce2f78c09fa9172ffffffffffffffffffffffffffffffffffffffffffffffffffffffffffffffff9f724844f2ce9e4d00f1f4f191600517c7088b583e5978331a2a0fecc61c2bd99f724844f2ce9e4d00f1f4f191600517c7088b583e5978331a2a0fecc61c2bd9
80c203b41a0fc50008e595712002b677cb1011f8d74b408ce8cabbd19a2911ecde798405aa979cb9d1ce15fe77fc100c1bf3c7064349a9583ed4b9a63104c7b1ffffffffffffffffffffffffffffffffffffffffffffffffffffffffffffffff7f9843e72b9658d65a3d881ce07bd87e1f181d417746fa2bef15d23d8bf9d1607f9843e72b9658d65a3d881ce07bd87e1f181d417746fa2bef15d23d8bf9d160
70fff4580e9f70947065e82caee3ceea3ff91d567cafbab2d07ce599d74a3695700ca0fddc27ddeadede53bb5af53449f3d3a71a57e16175954737e21ebb2315ffffffffffffffffffffffffffffffffffffffffffffffffffffffffffffffff5d39c7bb76971ab221e47293dcd89f4bfec35bf09870c712bf2fab9d89ff46c45d39c7bb76971ab221e47293dcd89f4bfec35bf09870c712bf2fab9d89ff46c4
3bd70236522ac389fcf3b0a1906fead1caeae7d2b2b2cd6830b230e16abd1136575b7cb871acb800539b46d09fb91ee507b607143d04c9e9e0a746fb7c972953ffffffffffffffffffffffffffffffffffffffffffffffffffffffffffffffffc756a8887730778d8249f916ff963d6ffbc1e8e1a7da0c570e6871ee5aa7219ac756a8887730778d8249f916ff963d6ffbc1e8e1a7da0c570e6871ee5aa7219a
94f7137743ab4a70a9ca504dfd65e21325a5cbac229f9766ad10c908d8f5ef22cee4e1de253365251972c252bb9454f6faede6e256522a87e25936d3df07ed0effffffffffffffffffffffffffffffffffffffffffffffffffffffffffffffff0d9dc0d742ea07539bec192ba17334f57a26ed039be8789c7478739399b319f70d9dc0d742ea07539bec192ba17334f57a26ed039be8789c7478739399b319f7
8b48c3eb3b7b2cc5160e524bc9d3185add293e6a6887074a8b3b3faa93f435ccd4f36f24c8da8d2483c2bfcb838e086d3b81ca21c58786434ff8ce41e0539c79ffffffffffffffffffffffffffffffffffffffffffffffffffffffffffffffff641b3e24621d1a4d7f0036aea0f310ff9c80f6972a6354819b413d84c7149206641b3e24621d1a4d7f0036aea0f310ff9c80f6972a6354819b413d84c7149206
5caa017a034a4c02650cb93d0128392de12e7d87a0e5af71a52afba23da5c4e87b853cb43cfc8dd648854b0fdc07697bd5bd2f0cdf9378f81b3de06caf7262d3ffffffffffffffffffffffffffffffffffffffffffffffffffffffffffffffff29f1b9127ca4a84c175f2cef610a3f180a20fc2dc94d7ddb2a60e385a7f5064c29f1b9127ca4a84c175f2cef610a3f180a20fc2dc94d7ddb2a60e385a7f5064c
9e841ed7474a4391b08ddae3921dbf9abd100250675672634c2be326bc0689c3c8fe5100985494befe2ee941dd9873ee3a52aa33f367e090df85f6d0164b9171ffffffffffffffffffffffffffffffffffffffffffffffffffffffffffffffff36ff41e25cbd86be0d442bb056d47b5962a6bc552a47562dffda3988c9c29b5736ff41e25cbd86be0d442bb056d47b5962a6bc552a47562dffda3988c9c29b57
1bb756b776d2c8df953dc17df852045687a0ad6223e1f5a90fce9695016c0f47b62081d6b160263cdb3d3b26e0dae6c9aaaa8327d5c935c70f7b8bb0df615f71ffffffffffffffffffffffffffffffffffffffffffffffffffffffffffffffff4438cb155756e82620151813fa07b38e182521397d01947876c2c3e03d5627854438cb155756e82620151813fa07b38e182521397d01947876c2c3e03d562785
ede9253da6ad2997a5848093e7754f4bb9f65d78a01987a0c31de9da3b4bef88fe7712fa1ebeb61113f28aed812d4574e1c797c9b16d905c79f611e0fe34c33effffffffffffffffffffffffffffffffffffffffffffffffffffffffffffffffe3ddae2ed09d083c6b4f8a493c69ad1d79c20f0ca864ed1648f1e1f140486c7ae3ddae2ed09d083c6b4f8a493c69ad1d79c20f0ca864ed1648f1e1f140486c7a
54dbdd6ddd7f27249738b63568857751e2a0066ea54e9a978c44ffe78ba56131379496cc9f09a44af187df7070a4713468a28dbe8927ce2a3d0b26f705ac4398ffffffffffffffffffffffffffffffffffffffffffffffffffffffffffffffff2f35a10a09493427da7a1a8a245bcb83337df4c3129e263cfc461a3c727852722f35a10a09493427da7a1a8a245bcb83337df4c3129e263cfc461a3c72785272
129c2a5ead2bf7bcbe95a96be9c1d121e2e011efde2f5e0f6719ae056091dc73d5d2364b7ce823585f9c617b6a0653dab35f35d4da8089c97860dbb370de036effffffffffffffffffffffffffffffffffffffffffffffffffffffffffffffffa220d5631aa42d5e80887a546968a7a6243afd37fdd032e48c0c7299e946870ea220d5631aa42d5e80887a546968a7a6243afd37fdd032e48c0c7299e946870e
a52d6688a00254fccdec0e01879dfa5ee713e18341e44249ac0abec504609f969227258ea64260f64730e08f193f3e457f31fc8d1be96b2bff00e35aa480ca45ffffffffffffffffffffffffffffffffffffffffffffffffffffffffffffffff5bc8c171eb7c79a153be6bc1755e881e40ec6957a1dabf50368ea08d45b759965bc8c171eb7c79a153be6bc1755e881e40ec6957a1dabf50368ea08d45b75996
0c361a0ac3c03be2f6cf427e18746a1ca035d30d00929f65bb1fa4e971af29a4c906bc25cda7c1ce4cd1b0b247a8b0c7ccf83ada96f7fbf925cca95881bacddfffffffffffffffffffffffffffffffffffffffffffffffffffffffffffffffff2027db7c3a459b15740d1bd831a99738429c9e7940fe7254f5e007ba2e2d5b302027db7c3a459b15740d1bd831a99738429c9e7940fe7254f5e007ba2e2d5b30
c85233b75fe4d2a358c0d20c2453112cf88a45acc85ac090db4d37424da6e7f8ad55f673cf0635c62495eb834072dd14fdc95fa0a67be3fd2f39221c083482bcffffffffffffffffffffffffffffffffffffffffffffffffffffffffffffffff03ae9d18bf011332e26d722a4434bbdea938292127ddfd54313d7774174b123603ae9d18bf011332e26d722a4434bbdea938292127ddfd54313d7774174b1236
ea9c305a8e2d19910f55d2cba31ad0d6dc4e10788d7df889e98f39ab3b634d263cd3c9b7aedcc3989fac20578ff2ea6e84fb9d1313e4af32cb24c6d633b31c0dffffffffffffffffffffffffffffffffffffffffffffffffffffffffffffffff11db8ccb4a4047890cfbf28cef3632aa2a97bc8875513ef2c219ed24a9098d2811db8ccb4a4047890cfbf28cef3632aa2a97bc8875513ef2c219ed24a9098d28
dfb62b37d70acfaedfb8779522d6e4a29a70001882dc7563f99b82ef7440cee564279a83f10c8d99b57e7ba0f8cc7bbe6018f67d9e6cfaa3e88d30af686b0d05ffffffffffffffffffffffffffffffffffffffffffffffffffffffffffffffffe2667d3ddf96cbb1629d433a1f1903e387391a7d848a6571b3e54f0422112bb5e2667d3ddf96cbb1629d433a1f1903e387391a7d848a6571b3e54f0422112bb5
914aea2943679a0ef06d933d148fa9060d991c67138976b2bc861d45616c8084a08ec924d53726e00bbaa58e4bad40d68b0d589d08968b713cbfb6c2e762b4c7ffffffffffffffffffffffffffffffffffffffffffffffffffffffffffffffffa50778ee618a768ac0b6184f8e25ae7092c8bd2eaf226fd5538dc0bb99e0849da50778ee618a768ac0b6184f8e25ae7092c8bd2eaf226fd5538dc0bb99e0849d
ed1545fb7eefadfff18fc03776859519c571b0def045ffb8ebec3a7972fef1e7c6f7221bd2b885160a7e5c2e134b8dd7bf831374648a519b039b58fe62068a7bffffffffffffffffffffffffffffffffffffffffffffffffffffffffffffffffcc36eca6b55a43591e5cf99ba632fb513683a08425fe2e1fa1f5644a42772967cc36eca6b55a43591e5cf99ba632fb513683a08425fe2e1fa1f5644a42772967
5397b50a5a247b13a0aa80eb68edae178668881975e833177a82738e2d19bec23e7868227b0e5a95e5ba7f42a67e985ec17cac92f09eda473f45051488806c98ffffffffffffffffffffffffffffffffffffffffffffffffffffffffffffffff61dce1cea040bbe3b2d640241dca76b9affcd7bebd551f4f9a3d1af59741975461dce1cea040bbe3b2d640241dca76b9affcd7bebd551f4f9a3d1af597419754
c34de572df7efccb455f36b830239b06dbd8fb80d7aee9d14f3551ab3b317c501c982d6873c23b5be24022b8f37329110c60cfc6d7fa8f156bd08a39ff8e2312ffffffffffffffffffffffffffffffffffffffffffffffffffffffffffffffffe60e6c503d9893d013cbb7aec03d3eefeb57403e00e0dd436ae82a2b5e8fdb5ce60e6c503d9893d013cbb7aec03d3eefeb57403e00e0dd436ae82a2b5e8fdb5c
d3fe260296b57bf7be6b2291bd5179fa5405d41b6a6cc0a504187f746867a75953a4d39ea16a4973570bb59599ba5d9a5a10b54c7d742adccabb09dd3b5543e5ffffffffffffffffffffffffffffffffffffffffffffffffffffffffffffffffbc702b481ae7491749318e94eacc16ef71d1ce314f7a4365e4f32de64d9cf02ebc702b481ae7491749318e94eacc16ef71d1ce314f7a4365e4f32de64d9cf02e
f0ebb34cb05ee8ff70393a2f574f25fe9074d0d9654436611a9cd43c3609174b13b786d86c835edea1d1f92fa860f0e769c68b9b0c4b8565e310170a012b330cffffffffffffffffffffffffffffffffffffffffffffffffffffffffffffffff9e18bf81588499c0ce2ad1bface67e511316abe3c9092898eefe0a49f6156d0b9e18bf81588499c0ce2ad1bface67e511316abe3c9092898eefe0a49f6156d0b
eaca068e063cf3c87affef8f0241e0c0377ec45836cd1d23206808127dde7eeb7ad8806b2ffb27bc293610b81aff529b5fa324273ae69a584e0f7e855d092e15fffffffffffffffffffffffffffffffffffffffffffffffffffffffffffffffff6ca7efba2d48d9d19e4c4f404cc0a2b5288a4d2e48f94b91c315df40a876788f6ca7efba2d48d9d19e4c4f404cc0a2b5288a4d2e48f94b91c315df40a876788
346163163ef35d46a31af422b3576f23a1c6957562cdf703edbdce0eb0a563d59c4d893e7f33c3c5b2b516939838e32ac10bc4d02506c25cc26676bee7494c1affffffffffffffffffffffffffffffffffffffffffffffffffffffffffffffff2b02aacd925cbfbd429f2cf777eefc91380f032d010a3f8537e7f25915e642172b02aacd925cbfbd429f2cf777eefc91380f032d010a3f8537e7f25915e64217
2dccc99e2e40f9ea348ce93c8b58e5527c4e59f0fcf1cb4d3f6af1b849cd2ff7f0ee10da2eada8879b0c2f6a97e20947220b48c6b6f7ba6335e116823ca0c85affffffffffffffffffffffffffffffffffffffffffffffffffffffffffffffff0bbd94cc4d66549b743185233993e898e11edff65481288ec83b0a8b68f617590bbd94cc4d66549b743185233993e898e11edff65481288ec83b0a8b68f61759
4893a6c825c7d9e44d5bc51a2c3979e20aa358d43f20a343911e900b30b183b91f24eacc21fb439f5260d33f688a83f92986c43475b4cf0eb10f86f5549596aeffffffffffffffffffffffffffffffffffffffffffffffffffffffffffffffff1e9ee0e6210dbbfdd9b0e10201e7ed5ebcb06f403fc6914858013e124063bf4c1e9ee0e6210dbbfdd9b0e10201e7ed5ebcb06f403fc6914858013e124063bf4c
92303a3340274b7b119ac6f8bb5780cd0657660b7c3b4a731403342852509bbc755c6877e0bf0a9fa6fe29cb1789a4a647a4d54b339fbb9aa3f0263b76c4dddaffffffffffffffffffffffffffffffffffffffffffffffffffffffffffffffff0c08c857f4a48c895d80295d7dbc0c02d36eb6b1257cf7df4479b5aa1072719f0c08c857f4a48c895d80295d7dbc0c02d36eb6b1257cf7df4479b5aa1072719f
00000000000000000000000000000000000000000000000000000000000000000000000000000000000000000000000000000000000000000000000000000000ffffffff00000001000000000000000000000000ffffffffffffffffffffffff00000000000000000000000000000000000000000000000000000000000000000000000000000000000000000000000000000000000000000000000000000000
00000000000000000000000000000000000000000000000000000000000000000000000000000000000000000000000000000000000000000000000000000001ffffffff00000001000000000000000000000000ffffffffffffffffffffffff00000000000000000000000000000000000000000000000000000000000000000000000000000000000000000000000000000000000000000000000000000000
00000000000000000000000000000000000000000000000000000000000000007fffffff800000008000000000000000000000007fffffffffffffffffffffffffffffff00000001000000000000000000000000ffffffffffffffffffffffff00000000000000000000000000000000000000000000000000000000000000000000000000000000000000000000000000000000000000000000000000000000
0000000000000000000000000000000000000000000000000000000000000000ffffffff00000001000000000000000000000000fffffffffffffffffffffffdffffffff00000001000000000000000000000000ffffffffffffffffffffffff00000000000000000000000000000000000000000000000000000000000000000000000000000000000000000000000000000000000000000000000000000000
0000000000000000000000000000000000000000000000000000000000000000ffffffff00000001000000000000000000000000fffffffffffffffffffffffeffffffff00000001000000000000000000000000ffffffffffffffffffffffff00000000000000000000000000000000000000000000000000000000000000000000000000000000000000000000000000000000000000000000000000000000
00000000000000000000000000000000000000000000000000000000000000010000000000000000000000000000000000000000000000000000000000000000ffffffff00000001000000000000000000000000ffffffffffffffffffffffff00000000000000000000000000000000000000000000000000000000000000000000000000000000000000000000000000000000000000000000000000000000
00000000000000000000000000000000000000000000000000000000000000010000000000000000000000000000000000000000000000000000000000000001ffffffff00000001000000000000000000000000fffffffffffffffffffffffffffffffe00000003fffffffd0000000200000001fffffffe00000003000000000000000000000000000000000000000000000000000000000000000000000001
00000000000000000000000000000000000000000000000000000000000000017fffffff800000008000000000000000000000007fffffffffffffffffffffffffffffff00000001000000000000000000000000ffffffffffffffffffffffff7fffffffffffffff000000017fffffff0000000000000000fffffffe7fffffff7fffffff800000008000000000000000000000007fffffffffffffffffffffff
0000000000000000000000000000000000000000000000000000000000000001ffffffff00000001000000000000000000000000fffffffffffffffffffffffdffffffff00000001000000000000000000000000ffffffffffffffffffffffff00000001fffffffa00000005fffffffbfffffffe00000003fffffff9fffffffeffffffff00000001000000000000000000000000fffffffffffffffffffffffd
0000000000000000000000000000000000000000000000000000000000000001ffffffff00000001000000000000000000000000fffffffffffffffffffffffeffffffff00000001000000000000000000000000ffffffffffffffffffffffff00000000fffffffd00000002fffffffdffffffff00000001fffffffcffffffffffffffff00000001000000000000000000000000fffffffffffffffffffffffe
7fffffff800000008000000000000000000000007fffffffffffffffffffffff0000000000000000000000000000000000000000000000000000000000000000ffffffff00000001000000000000000000000000ffffffffffffffffffffffff00000000000000000000000000000000000000000000000000000000000000000000000000000000000000000000000000000000000000000000000000000000
7fffffff800000008000000000000000000000007fffffffffffffffffffffff0000000000000000000000000000000000000000000000000000000000000001ffffffff00000001000000000000000000000000ffffffffffffffffffffffff7fffffffffffffff000000017fffffff0000000000000000fffffffe7fffffff7fffffff800000008000000000000000000000007fffffffffffffffffffffff
7fffffff800000008000000000000000000000007fffffffffffffffffffffff7fffffff800000008000000000000000000000007fffffffffffffffffffffffffffffff00000001000000000000000000000000ffffffffffffffffffffffff3fffffff80000000ffffffff40000000800000007fffffff80000000c00000003fffffffc0000000400000000000000000000000400000000000000000000000
7fffffff800000008000000000000000000000007fffffffffffffffffffffffffffffff00000001000000000000000000000000fffffffffffffffffffffffdffffffff00000001000000000000000000000000fffffffffffffffffffffffffffffffe00000003fffffffd0000000200000001fffffffe00000003000000000000000000000000000000000000000000000000000000000000000000000001
7fffffff800000008000000000000000000000007fffffffffffffffffffffffffffffff00000001000000000000000000000000fffffffffffffffffffffffeffffffff00000001000000000000000000000000ffffffffffffffffffffffff7fffffff00000001fffffffe8000000100000000ffffffff00000001800000007fffffff80000000800000000000000000000000800000000000000000000000
ffffffff00000001000000000000000000000000fffffffffffffffffffffffd0000000000000000000000000000000000000000000000000000000000000000ffffffff00000001000000000000000000000000ffffffffffffffffffffffff00000000000000000000000000000000000000000000000000000000000000000000000000000000000000000000000000000000000000000000000000000000
ffffffff00000001000000000000000000000000fffffffffffffffffffffffd0000000000000000000000000000000000000000000000000000000000000001ffffffff00000001000000000000000000000000ffffffffffffffffffffffff00000001fffffffa00000005fffffffbfffffffe00000003fffffff9fffffffeffffffff00000001000000000000000000000000fffffffffffffffffffffffd
ffffffff00000001000000000000000000000000fffffffffffffffffffffffd7fffffff800000008000000000000000000000007fffffffffffffffffffffffffffffff00000001000000000000000000000000fffffffffffffffffffffffffffffffe00000003fffffffd0000000200000001fffffffe00000003000000000000000000000000000000000000000000000000000000000000000000000001
ffffffff00000001000000000000000000000000fffffffffffffffffffffffdffffffff00000001000000000000000000000000fffffffffffffffffffffffdffffffff00000001000000000000000000000000fffffffffffffffffffffffffffffffb0000000cfffffff40000000800000004fffffff80000000c000000030000000000000000000000000000000000000000000000000000000000000004
ffffffff00000001000000000000000000000000fffffffffffffffffffffffdffffffff00000001000000000000000000000000fffffffffffffffffffffffeffffffff00000001000000000000000000000000fffffffffffffffffffffffffffffffd00000006fffffffa0000000400000002fffffffc00000006000000010000000000000000000000000000000000000000000000000000000000000002
ffffffff00000001000000000000000000000000fffffffffffffffffffffffe0000000000000000000000000000000000000000000000000000000000000000ffffffff00000001000000000000000000000000ffffffffffffffffffffffff00000000000000000000000000000000000000000000000000000000000000000000000000000000000000000000000000000000000000000000000000000000
ffffffff00000001000000000000000000000000fffffffffffffffffffffffe0000000000000000000000000000000000000000000000000000000000000001ffffffff00000001000000000000000000000000ffffffffffffffffffffffff00000000fffffffd00000002fffffffdffffffff00000001fffffffcffffffffffffffff00000001000000000000000000000000fffffffffffffffffffffffe
ffffffff00000001000000000000000000000000fffffffffffffffffffffffe7fffffff800000008000000000000000000000007fffffffffffffffffffffffffffffff00000001000000000000000000000000ffffffffffffffffffffffff7fffffff00000001fffffffe8000000100000000ffffffff00000001800000007fffffff80000000800000000000000000000000800000000000000000000000
ffffffff00000001000000000000000000000000fffffffffffffffffffffffeffffffff00000001000000000000000000000000fffffffffffffffffffffffdffffffff00000001000000000000000000000000fffffffffffffffffffffffffffffffd00000006fffffffa0000000400000002fffffffc00000006000000010000000000000000000000000000000000000000000000000000000000000002
ffffffff00000001000000000000000000000000fffffffffffffffffffffffeffffffff00000001000000000000000000000000fffffffffffffffffffffffeffffffff00000001000000000000000000000000fffffffffffffffffffffffffffffffe00000003fffffffd0000000200000001fffffffe00000003000000000000000000000000000000000000000000000000000000000000000000000001
b3ed6bf3ceb08f57b825d8770c854ecce4ad9aec187853994aa0f695854a986a6df377e2c309015d586b0408e19f42b7999628af477f3374f5e0f5b70aedf5e8ffffffff00000001000000000000000000000000ffffffffffffffffffffffffc71acc316c71cdcf1ac7b0ede3f50d8b294bb891cb332cbd7ae839f335974fb997ac10883dd32910e10ee45c23cfe40fbdaee747a62a9a6013d20e371c0544d4
404d6072f1431d7e5e52a4809e52beea67b4e12125b3a75fbefd82bfd3b054742361b4a1771b112df8c867030047b073c4a7cb4dc0f8d68c8ad8972d8ee8a8feffffffff00000001000000000000000000000000fffffffffffffffffffffffface31f867e5d6e9eeaacc90c1952091e7e43d53fe2836aefab377ea5992cc6e73b1013237b270e681e304eacf8a0295e289120b34ad9e8fd5e7b894543c42f85
bddb4758015dea9895743fd290cd082136ae7657ebd2f103d8940d9ab052ae4d9879be8d24f21484c12fbe665e9bddc20314d471d8e298ed07edc7d9f26b1370ffffffff00000001000000000000000000000000ffffffffffffffffffffffff16e4e0f0f4a354141d1259d4a8ef750d90225ba1c9090945d2a942b8681a02d78d9b71dfee02d263e124d7dae4f4a5da3d8dd4b33090d60dca284816effbc6f7
d5241eb5b090c710c7f6288f08c4e13fdd0ae282887125b795aec278b24ce00fd90c3e2aa68418a3b2ed250f0732cb4e6530b28e962dba29bcf2af1f41c5f7f6ffffffff00000001000000000000000000000000ffffffffffffffffffffffff29c1122c81842c78b30fa0e36eda82f8f559ff89e5d733a59b472bc78c32c8ea0c5aa86463a455f4b7b779b5443a14c42a3d9f0a7cdc53a6b3eefceb8eb1a4d3
a4d62dd7e0f174748702e51c2bd56d23da89d9cc512c0ae10e42d6881f4859af4f1a831932942ec5e13f715a9df5940288b59e7f9afa4145977745bdcbd6e55bffffffff00000001000000000000000000000000ffffffffffffffffffffffff887b01166635e8ae6179f87e9d9f056b9d9e88cddab66fcafe3b51a5dc28ffc5fe2c0c86caad634b9f85cad78b7623117515c26f282a1654eb27d9c1d776e205
a37684376b4d3f421c8797cb4fbcc53d15b5fde252874eabb8d77a7047ec29bae65d1fc5941624d52244363c5f9cb9f6a280aa04aac8124b412f563364af5503ffffffff00000001000000000000000000000000ffffffffffffffffffffffff1798a7fcc84ff4925531ea7dfd447e1e7a45a7007ce9b0b87507a1162e0566a62b299e473a4610725b6d0e647b4b73fc89a08502c214d0abbf924ca30e01038d
f37424d3171b07c48cb72126fefe86114e2de5f77dccc7854fcaa44eb08c29074f429fecd1fd988776e9222ba6b824d0399a2fe112034f4e2da6465d0d8b339fffffffff00000001000000000000000000000000ffffffffffffffffffffffff602a067210b466404e67518c14c68530fa77ca672d592dc09b02cc50595561a2eed4a6144c80633ef6907de30eb419a91861bc57688b39e8f44fb6a185fe268e
474bf31904fa640d1c6f2e704614f2cf0b682ba72bd52af9b8b4e2e0c1853f5e1c08b53b77da21b027eeeb60d3c473b4a11a235ae452215ce2ee6583bff36a59ffffffff00000001000000000000000000000000ffffffffffffffffffffffffa443da9268d18327fa54d36a629e07386c75e6415da964b56e5744c0e54d3ac9ab06a4e929ac927ca0713cc056b68ef6a094543fc2b519d161f87119216a3b7f
4c91d0f736598fc44182c56cddfb96e53dbfc60b50713e4c793ceb72ecfe14e45952d833fe56ec90ae2f4667c5a394d5740202ab9ab6e0a638811bb031bbbff4ffffffff00000001000000000000000000000000ffffffffffffffffffffffffe34ee21736e63362a4f804b9231dfde3e1bf6057a092a7c0bb85a1a9f86271de57e70d725c604f8618b94a366af9ef31177bcb8dc324ede479cd3153d32c7d33
558b56f4b769e7c9ae9010bb0c8a4c531d6cb3bec8e573b9b3fadf27e13d6e93101ff171f5167b5a0a9f6ba35deeab133a87a24e2f1631b07ef34a068bd5174affffffff00000001000000000000000000000000ffffffffffffffffffffffff4aed261abf8deed665cf1005e566e5a9fd0ba5fc7ac33281858bed970a3dcbd528006ff8aa896f521dd84b5555aaba1d4ffd47cb0784b386aa9e157787fa2eea
cc1c2b9674797e7c5241e06e13beaaba64ae41eb8de41f8cc087dbae42045d14fde4fbf700747252b5eb26e534a64b1028e5fbbada1f0d3cf842a46f71cc9968ffffffff00000001000000000000000000000000ffffffffffffffffffffffff2dc886199c5533e665d6c1580abd5fd92ab6f5817d3a4bf3bb0e31c3d0a7aca9417bdc500ab18ad18a2f2f214534f8911741078677fcc61cfd96a286541593d4
40930a6fd8b9a9e8ca8aec38945f4db654d902a0e8ba4f1e13aebf5d0502a4e738b7e0a17ad03498efddf465d5106fbe6c71313bb29c6e81fa5335cfcbe552f5ffffffff00000001000000000000000000000000ffffffffffffffffffffffffb08b668b3bdf75a954b57f318f71bb9d43d6ad4c0bb2d43cd0aee0d6b8317dc29622f50ee08a4eaa822bceb827cc3632c1da8bde0e6926220bcf9e10250300d6
18bd6d3b6673332255ff18f5d5d3cfd5a347c5bfbc635f679c4abe58fd3efb9eb9fec7c7536192c92c5a077b09de2c0e010dd9f13ca627b856a6ac304f45ba54ffffffff00000001000000000000000000000000ffffffffffffffffffffffff1667b4065e9d4178a5d100dd9da432a30a560ea666da249a0a5f962a1929f9c5a7bbaf16caee9d65ae140572744dedb5bbd43f7b565a3ce3b8bf91c477210c4f
2fee3b7ec4544e31fc276a642714efb7194afa1ac3e07ca96720c4a58f17ed21696eafda6ef5bce061c997f73891e6ac1a8b6ab3fd9540e40e7936a326429bdeffffffff00000001000000000000000000000000ffffffffffffffffffffffffe837736e00f705c405268af8d75cc832d89cdc4cba68ceb921a429c269bdd4e1b2db30fd4d18847c616ce9e1ddf0b39ef18061e3a4b0a6da165b2c1dd54ac969
b10be71435ac380d3b12854b925642262828b19e4506839ca3f0cee7d29beebdd61d135112e8e74745468c4648f87e6aad6b204c289a5212a8a508cfc8984fb1ffffffff00000001000000000000000000000000ffffffffffffffffffffffffcbe4fd245278fb39a7b14323439d350eacc1034a21086b81edcd657e53eebfd7fe85d048f52a09c2f2700b121a401a9c7acc915907ba334a052960705733aea1
849591b5c19096440288275c18406e860278de23f238a032d05b4f609bd254c0faa1ea12aeb4813ac4eb59fcb9072d140f649154488a6f669d23a8664afac281ffffffff00000001000000000000000000000000ffffffffffffffffffffffffc91b1881792f3f4f61b4fd3f4bc319192a94bc21be9bca948f9a5c4d2dfff585f2a8a1fda1de9a5d95b30ae885e9451dc7af3d5f453131a55e73b8b86c5e400a
775ddab39c264029afb355d685a4947b8e783d509268813a6a82e03e684941d8dac48c1cadf356c4c36985064e6d23ad68570038ac03b10e4a7e6b4106df3827ffffffff00000001000000000000000000000000ffffffffffffffffffffffff46b25b8ac072f9e4e4e73d5e8daee64606ba37773fa1e44de5d7488af2225cc30d472ffadbab3cd44b0aae4c80261454ef0d77ff5a4f88f6abbdb3c49e36504e
4129634af9dbf49eeee5fb332145a2fd1583ac8fb8d03008363f56dae6a533b9f27640b7a170f2bd7ecc0c6c937494a0ce87b2d2b1a8b2675751c9278338c22dffffffff00000001000000000000000000000000ffffffffffffffffffffffff432b543f7c907edfdfd7db6fb5481d5d3776a69a6b88126e0a80290514835d2ea5e6a817bcdc7a5b58fd4fd630c83506572688ec036b0a79212c6f86d5dc67ec
10a76407491b695a3a4909d92d93c0553179faed16148b2f935f98c78b41da72a84cdbe28207c08c2007eb26da3fd84398ad268849a19850a87f6d7aa77bb493ffffffff00000001000000000000000000000000fffffffffffffffffffffffff3bd5cc97f7ad1c1602cab477276a20ce0e06599c3d29e156e77ed4cccd87f7130ba44ce8ac76d5f0e59532bf276e106d7ccf109d14e29dbec6f0f830851e811
fe36554b00ba440c840e697c2d35a191ec070ee15c98e13cf8d543f467ae9684d95ae923c568251869733e97eb0c77468c1d1d90f63751a8791b638483d16da9ffffffff00000001000000000000000000000000ffffffffffffffffffffffffb41bdb347bfb8910020af98e5471ec88a19b1c7561ab01a00385e36e0cc93f34cf59cca7cde62884ace2c25bc3c4702f29ba0db1d123c041de9c9ab29c3b9707
712d02359f1dba112c975ecd2d5e94921a5b9d79d5274bd9f94181d334e5ba5ab7d9202d8eed38061b1ead1f4d76e868c9cf0898549663bea94102d857e3557dffffffff00000001000000000000000000000000ffffffffffffffffffffffff51ce587a2db4303dcd9ec661e00164c9a8177cf09284f121cefc8937ce9ccd13dbcb3d445cbeb1c50dd7d7a727730c3aee68db10ed7b1ef8345ec6761a2d7df1
4bb6cc1e177429049db6b39c4e6cca6bbf4e1f1dad698985e6cbbda8901b9d25477e54381fe22930a25944539f163a7cfcae29403950179d5683be6283d2054cffffffff00000001000000000000000000000000ffffffffffffffffffffffff3363ef87925c1a1bdf686a8d9892f4267fb783c25795320ac0bba175f42745e83f0afffe4861b0923fa0430d6a02040327b683793224419bda956b292ad3eacc
649d16199d4830438f2bda6140b0c2bf45a76a13e0b03e37f66ed41f602271b27f5f01e46f3668397780dd5a23f5d66a3b76ed2adb7bcc053f23aa6e3475274dffffffff00000001000000000000000000000000ffffffffffffffffffffffffbe3a184cef2181e99e7b2f66a6c064d7a9e8283717f9f6cdb51741d2a9d7e14fdd6876f58964c29b17915be8ac8771c522a30e13760b5566da7a0a2b80a9e4c4
527c86555f1781485a43546e2042b9f4bd7a0d57b5303ec8632f3b9f04e377f795d0523b68da82d3d3e473bf51949cf7f017407660a40f16cba31a53d55e4485ffffffff00000001000000000000000000000000ffffffffffffffffffffffffd3ebda0cd11aa6cec576ab95873c93dc2b26d45ad788c8f6359daed74b75dbd677d68d3d5f8ac96cfe5ee1845d5aade3d53e1746983270df1b6cb780381ed014
c662701c046e34985f426a2c8e5326bd7cab91b680a0bd97deed4e442c647bc35fe12fc9785a64eef51df66f327b26a281b649e9fdcc8f5975b1802c1cdf8b1cffffffff00000001000000000000000000000000ffffffffffffffffffffffffc1898c5ef6744ce1e39a303a37c8b6802db5d2a9cecb691729956fa35aef4ccf87a7cf73c585732a79254ad634d9419b6888f9ba60e93245250018bf44f7b62e
854105e96c8f91ed53ab82bec06431f8c1ad15d0e94aa29b789834aa83f63aa3314c8ad65aa09b9c2a59bf3a99c720b08b6e64532a13942678f189422c6835e9ffffffff00000001000000000000000000000000ffffffffffffffffffffffff28e0aabb8a324c8b37159cc0e41a97422674dc7b1b066d4c0daba4cd86169b78a40d1de093ab979469f5338c97e0a2778f91993a5752b5bf5a6ee6cfc7eae33c
d0aa5ebb37b92df7ceac0f104502f04c499a7bf662489d6b38be69219f3dccf03774c257b52bc230d834960255da177881e55cfc3aec47b08ac30d2b569792a9ffffffff00000001000000000000000000000000ffffffffffffffffffffffffa860785667992eef68b58323c5c01612c11893218e9ae25c4beb03a03f0ced96ba0547e7654a0f67f94a66fee9fe7b5f430e6bfdd7044b139c16a58033d095f0
a4fc2102ef67fd7c8441dc3e292f1e922e0c43e538f7d5c7e92ae3b1b68a2a82c76880fd22d710a84dd095d172acca60928a0023c98c491bea5c672f1b52f7ffffffffff00000001000000000000000000000000ffffffffffffffffffffffffc0b8d7e056aa30f87d4110cd59b883a275559335cd1077fcd1d7485763c5ee568c90d657cd141cc92629503965b5998325072fedadc1f18bb08b230b92a3de11
6d878bd494f4101daa7a68e8a3a550e154673050ceb069edb125263c7a03913790396af67c5ad00a32a894080dd82a2003d42c751d4db1e3a1dfd9f2a859f166ffffffff00000001000000000000000000000000ffffffffffffffffffffffff69780476b9c6ce43b47da96268705e295f20364d1864522c657c27f17c4c61eb2441df4bd2f9933dce7c6b4975c2633cf85e43fa9fc80c5c3db39fd7abf37dc1
8d08eb607f955387a679a84984b4643835869709d4f5b3aaa645b6b1b7c890246905779f89ee50a5265595440caaaf1c0a73a22882eb2b60cbf46988ab4c7068ffffffff00000001000000000000000000000000ffffffffffffffffffffffff274da0a3d2cd79fd48f7cddf483c051af60e464ec2e3b8a33539e0e9294ce258550ff257b174b9dda5e6316afd1786653fb800cd75df16716cceabf104772ffb
05c2bf3e517a83a79414d2e817ca6e05b88973b712dfc40c7ac44f197deedde3e44f40228c4e67e0c8519fb1e93a69868ef7c7c41ee09ffab5d92166f832d414ffffffff00000001000000000000000000000000ffffffffffffffffffffffff7d6e682ee12728041b3280b4012ef6e0030401fce0c378aad42b33e2325242d0aa748922b307526b925a3ef764fb6a9e9fac938b69ff69c039f7a4c605f0d51e
3cb362f1fda2e15e77d823400ae64692595d9640185f8781e94df03fbba22387d5ed0ba6f81f6e9add3e271eb67bf4796fb7f7e1a7c1dc56d4ecba666a935641ffffffff00000001000000000000000000000000ffffffffffffffffffffffff4603e568344a1e3911793a271a5cb4fd614bf595f1cbd5ed3ea690237539189ac8570e2b867fb6e57e72caa55b8396710ee70127c7508dba8a4e734af273a5ca
102725a02ab43d69fa8fdeedc02fbf1780885a57ae08f3a5d5398f301301e1efa3868e40b28de732f094eec9f99849a1ce09ee353220980b2616fd507acaf880ffffffff00000001000000000000000000000000ffffffffffffffffffffffff739afe80ae60040868e0ecf411e4c650ba0180961f87ebd5572c67a51ae41ea12165fa74e9266fc7c893740e2d3717171b01f5f94ead7cedd9f39dac8ee94e64
0d6961a52f9da43c5837ba63f2462f4992901a9db37f964c48a3a9bdab15a46fad4e3318fee4383d930442d24097f18a0dbe3e8d66054332d86a8cc341f53e65ffffffff00000001000000000000000000000000ffffffffffffffffffffffffee0d176dbead94dfe28635d74ce30f9e08c86a6f350759bb2617f4790585f7fd627434aacf0b36daf2a4e8b1c260d1957432260aae8ee2047efb5c7134bea7b4
a0855e8f37b9851f39c7ed4b131dda95496e94593036f67b1932be46d0d8c5b038032fcb3aac6e6e94a9d51019e2eb83a39a1e38ed15ed1cb17936f1cfdc4455ffffffff00000001000000000000000000000000ffffffffffffffffffffffffcccb8fbe851625bfa228f6868f357bf8c038b3def4f7b27155ce92c6f9860f0d7959e57c7bade56d661961fa9d0cc58524e524a0c125ba4ac7861d3ad8a755b8
4ce0002cad25ad00e9fc0d5df8c5ed597455784d1d91153d7b1a4bea2077f47c29543d67152c383fd063e395fe01d194bbff20d5df68e2a936502183ff4ca1f1ffffffff00000001000000000000000000000000ffffffffffffffffffffffff64f7ce5cc3af3b541859ed4e4993050639970cd506a3bc855bb5779c718f9a23fe4f498b60122a44dccf5647252febdaec7130e7ff39d25ad7c5381c6e11d742
a294c50f71c7ca74ce7b85710eda68b4d78f5e9b9a3e8d90a3bec05f7a1615f1b235a5d943a3fd2fa40c4b4e7910223f77632c17ef0985deaee682c7453accd1ffffffff00000001000000000000000000000000ffffffffffffffffffffffff55460156e39da3d41d124e0c610c09ee01eabd4f7fbbdf82167246eb9ffebee6a00bce1fbc063664d4ff484649ac2d5ad748d55e2bb0a999df2c294852ca4cb4
3e403f71b63539bb4cd938f132a400922f4928221e067cc59273d4a4bbaea5774a9695a347ae7a5a8debc9f5ee5dec76a14294e6dc18f7a6863a33bb1c1bbd23ffffffff00000001000000000000000000000000ffffffffffffffffffffffff4f38fb59ec0008c88153be4f5eeb1daf235cf53b4e6df319cd6ded17b6f1a4485292d2035f663dfcb815a13490a1e093b24b5769b53e25e30064001094c3b75e
7f59420a5d434e1aa4fa90f16d7af327ee69984ca81e8b0751dd8e2570658bcbcc7009bcee9ff5faaab0fa9747dc44c4353200c55c67c905838366d4c7d95aa9ffffffff00000001000000000000000000000000ffffffffffffffffffffffffbded2d0127fe80736cfd0428cd082015c028edabd5f5f2a15eba8a1123d3ee3c8d7770b6de44673751c555ec67584c3d46e37a5b43362eaf14bfaaff6061e5f1
a67ea71700d4134322c3078d32f7c08e141035a5daf68eaffa80fa12f3f77dc2c5a4f6ad99ef267534f24e913897c19bda01811b90783742b947e843f500deb3ffffffff00000001000000000000000000000000ffffffffffffffffffffffff930d5022c6f082b1777db194fbc43d89e10ddc44060d39479cf72bf20e29bb096cf4a6c94748f2f328cea3240a6ffbb4f2f3ae11159f9121d5c4a3468fe098e8
3955fbfb6eb4f24d9bb7af4a11adaaa62afbf0be019dcb840587778c4f0d30efd24f43f17cf4548d63141a32693ea04539c39c845cdd4cddcd814ca05e1be079ffffffff00000001000000000000000000000000ffffffffffffffffffffffffd731a9fd31579222615ddee314f38017b043e2820e0426deaa8afe334bad24b49ca8ba53ad8fc65c3e5482a7656b2b051e62d72f5460ee5d39b489f79e4b4f4a
4e7f3d7a7832ebfdeb02059d60f3cd4022aa9d03c98cbd177d15c804f5861838041a41ca99f8ca7607dccd1a0f78b030173bdd9edce4ad17049185ab3858cde0ffffffff00000001000000000000000000000000ffffffffffffffffffffffff77a72e1d79e33be07ccf15ddae23f7e5537bb67d2f69f1bacf59448bd4c01b568ddcefb535adc5d7e2262961d106211f644de4a2148c285be245be85abc75fc2
04891e608fc26e47d55082c6a81070486c8771d87ffa61703b100885807c64ba74e4f35866480966e547d7e06009d514ae0ab5332a4dbf47edb8a91f22f3221bffffffff00000001000000000000000000000000ffffffffffffffffffffffff2e07a12433862fe6511932d894f0e1d8de28d0bb6df890df6aff963583042bd2daef98f259b742cceb25050726a232341b4134d5997a5db791604158f64aacb4
91966327281daa9e2c9f3b9450d60932514f6feeb791186287b6c9242aaa69cd01d1556bf63bc0955ca915c0cbeca84457c3eb34f3a3eb2a3f8bf9f450c5e89fffffffff00000001000000000000000000000000ffffffffffffffffffffffff38d2aa3dce366df32977887d0df3a421f5867014b34b826a404c219e19d4a248e40f81e3ab9f62ec7f5ca49f497523289d7842c6785151d0b5235f385ef8b93f
ca90220ed477d334b0c2ef4a56c061a4ebeb72c21613409409e0086ab5b72ade90753c47160ab31b51c82d9129d010729bcabfa2bc042c54c438a6cbea177254ffffffff00000001000000000000000000000000ffffffffffffffffffffffffb6f1d69cec278a024f85f9f6cbe7af0e65d99efc7735a98555abd565a2236294ce7bf4e68a110d3d513d960d56215d2104478773ea6fedeb0e5a75468a6065f7
1d86c67477ac907b5112145395599bb69591c815136c9bd4d078f45fc229abf1b3ee1f431cb1a03eb2bee63c84b675f86d17d9d61e9f3b7958481c432f038ba5ffffffff00000001000000000000000000000000ffffffffffffffffffffffffdf23c2b7929c3df65df644cdf3d9445e86b61d597aa4ab651632dcbdf708595041494f8fc6d74e10beedff81a563c82b66b60f7531a48341cd47fe48a2195194
53f8a5394a6a5c0386b1a7d2944ba650847be5145cd9955c4f63070a72e8ae84ae091f6873a6614b58068d21d7a261f9be219b58dab282c2821f0b672a66884bffffffff00000001000000000000000000000000ffffffffffffffffffffffffe5edd9fbd4e4debd94d27ef2ea1bde98b0dcc0dfcd1658b549e9ba4a0a255cfebf0d73d48b4db7da3b697bc7bbc186d490c6cc9d2e4de1e7dd3efcba4f5f1a21
efd04028de8cbcb3caa888d9dfdba7e592b3eb423f7dc185c9bb78d74ab802d5c0b39aa45063a240fa8f6cd2eede4e989aa1972eb915dee60cb13a7b4edc8458ffffffff00000001000000000000000000000000ffffffffffffffffffffffff6d678fb6e6d0b12b915ea17b2098ef1a461ad2f6eefb8e921518f303acc397af0dec54b75ec349b828afd37b46ab50c02f820b324f7f7f2afde4b01de2f975fc
4205cc85f9d1a974507bfae8222dc8cee91b90385a6698a9abb6eda903fa9e08244052281e68967ffbcc3b2cb4321768b2891d3410926874a6ad8120f15a1931ffffffff00000001000000000000000000000000ffffffffffffffffffffffff122c0970c01821dfbba224145adeb509858e2f8c3a6c7028fb5a046ccfdf525e2fe7f5dd550945ca49a5f5a3b7535f859f168d04321450504d0170276f122c41
3057f930bae296a1bd6201798577b38e6d1f854cc2f60d167a717d6363a6899d0249f595914469bc5d1bcad24c42ff084b0456f6d9554809035382c971b58ef9ffffffff00000001000000000000000000000000ffffffffffffffffffffffff4b81c6f496724cff82a869ab768c8990afba6ad0b7f4f16e5928f1f6084f285f89f02dc27b8ac43e1607d80b77be5013223c71240312de9f35f4dc3422166f49
d9ae3926391cd8da8b3937b2443db272ec838c446545c0281ded4c972163ef8e4a1358d7a2b3cf25cc6a911053d1eb8a21d4c417f560b96879d0e0e277138f0fffffffff00000001000000000000000000000000ffffffffffffffffffffffffff8fc1ece54a7295313d49e132d0d5b49d3484728641cc9adf24a16e7aa4fdf2f1cfd319867286190928e9cc480043b677ee9cdf0d5ed2a91c7e19f1733c88c5
3d0d96fa21970e565b5f000565e9da4e0cdd7dbbc065167a1a5f6eaf56c36bd8e35d3144bca45e0aa3940f0db61bd58cf5f5796d1e88b71a8c5ff260e093de26ffffffff00000001000000000000000000000000ffffffffffffffffffffffff694f56d34d6e900715a2201231391e0c3e13d62e8133e1d93ec9a2dbc7ed0c39fdb81a8dc9d5ceb97028fefe1b27878e8436029ef2e7b11ac2645fbc34590ac1
5b2d735ccea05c35a227ff1b6dd8879b7693e5cf4689f88093cf88630258fdef3c7793e39292e6e49d285fb8946ce5ad97939affab92e57077246e4a1ad348a5ffffffff00000001000000000000000000000000ffffffffffffffffffffffff4de91783a9241150a38627b2a51baa9001544cf8bf4aff56efea93584efe70932f78988cfbdb86c0269e3d3a8b3223266393fb54260bfbc86f8697984bced360
c35352a58bf5773ee769c2fbed552ea99dbf8c80637b1ab49091b657b42caafd417c3eb2dee5f380148eef8895841d71d46bf5c3c10c7ec0ff99d8c31f7f7558ffffffff00000001000000000000000000000000ffffffffffffffffffffffff3bb674ec8aabd6cb1d073accfc28c32c00bc00352be9a22c8783c7c26de7041adb34c2853f0cdd2b5e76f5bb099e68cde5af80c6493c1bdcd3db203e50d2f6e3
b135c75fcb32e1cdab75ba2e0921cf9322ddef19508fb1f970ec7f6b3900add6dbef84ddf948bf32ab57f4fd42883fc89392f2b8c679597f05fd52748d52f1adffffffff00000001000000000000000000000000ffffffffffffffffffffffff20d3cf928d6fd2e5f954335910c1deed9d0f4ca03f68321a799009531dd99e0999c77bbf4be1a3d451e45d55e8a3bc059cb9138634dfa8e9009e86ae62d4758f
f7b5c5104eaae9f8b807dae54e8da2361a303ddce397a42919d87716da926c9c40bbf781335a80904a248f32c6381aefbcb4ac0995587aacd64fd9ac834583aaffffffff00000001000000000000000000000000ffffffffffffffffffffffffbbf8d035c11b4b6e1a03514fd3af199471b0032511e0eef58b11603dcc3f19ad8ee62d527df65a19eea51796ff8dd2029178409fec798526322bc8ab36d2c075
6dd42888740b8e7b650a6ff1dc22f18ca15245eec28f2811979fcbf1a24c3c94427cdc115ee3bf9c23efc81f42240b9e7d745084b4a15b5a97250638e5a67c42ffffffff00000001000000000000000000000000ffffffffffffffffffffffff41ff38fc62e90c745ef2239272165fad14a208f03ee4e6b6ef6c157065dc31d7074a69e6b66373a0722ea962d6a916cbd51b74884fac86a3b86033770cb4aea4
854f56fb47c5d3db131c1c86e1c223dc8dcdc9cc0e93cf157e1860a7724e282a91c080b88c662c2cd49ee6eaeafe81b33a59345e8ca8ecf9f67c81539521cf09ffffffff00000001000000000000000000000000ffffffffffffffffffffffff830aad60f46f6adf176be84e5af17727d76c6c1b220284c7046630a2ed207fbb0a7437880948d34ea15262d9b2c17461079651136a88f0533c913db3b34d79ef
43b8625d101348df429e7f26102817e7343aead3fcfd5d994703935692f9c8f482d299c3e05f66f4bc6fe3a60ffec3d6873ddbd568664571f5ef4400e9ad3770ffffffff00000001000000000000000000000000ffffffffffffffffffffffff19643dfa75315171a547bbe53e9ec3dcf57cdbf153120002062143d2510fd1e470c7301de073167905c77cb4e3cb0d219ce9a7d114b190a1e6b734a6089c6891
908eee881ed7ad32e6b51dc95404d2fd7c059ad837938189703f31de8622876a2341e8541a95161b38c6f271605133a99d886294fa837a001113b659f7175cdfffffffff00000001000000000000000000000000ffffffffffffffffffffffff614527826364aa688e58df04e0c3ddbfc52b977ee1b0705d863a30babe33543dcc0a062436a3a84b9de43280d9b382d934851d0753d956ec34241268acc0864c
781ee39991e14682144d85555a345467174f725c68b8007175dfab83eea8e2fd0b5d0e9b1ef81d14eb6e7c9800088cc02cdc1e30dde860013ce01d059c2a0415ffffffff00000001000000000000000000000000ffffffffffffffffffffffff0353cbb7fd2879975534ccc686085e331046cce6a84a4f71a74ce7b6070cf10b7d3a0ce0a4fbf83bef7d3c1b640b9862d0257e8162e00a4273ddc6dec5ad6749
d3e725c2792dcef387c580631a6b2d7f6ebc665d859321fa7a3591ab672d4260c1c13ab18f4fe4c593bc45ff48aab2e98f715eb8fd29bde4a5e74bc45577c134ffffffff00000001000000000000000000000000ffffffffffffffffffffffff8e4cff4fa99a4710ddb32898509572732baec56653c3f17389068c446c4aba886976669401cab59d1d7527c82960ff6f529d522d69d847e0769a9c4bf1bf9f4b
fb6eb2f70875d18623644cef5b724d673742b2d445968aa942551b462e9d9d7cb26c1a129b285d3b2b7c33bd9c9128c58bc6675f28c854cf1141204693db87d4ffffffff00000001000000000000000000000000ffffffffffffffffffffffff7a27e71c7107155c2abc2d09c0df38abd00c021a09d67db7c853f8423509a823de0377f274c39af1d7cbec1676136accd50d1b12c3f7564efb6013cbd0af233a
6475b052be8ff06a57bea70cdde8c23297175e65ca828bd692e0630ba5cdcd93d076c0aa457d30798f4189b9b278d65eb607270b1827a6ee64fb24fb920f414bffffffff00000001000000000000000000000000ffffffffffffffffffffffff7360ba83bbb29aaf38674149ce2f1fd20722ab9d3bf553380b9ca310588d0b976900db32ee16d7b7187c73a0814d669e0b806efbdb9d685811e83ff99abe0740
00000000000000000000000000000000000000000000000000000000000000000000000000000000000000000000000000000000000000000000000000000000ffffffff00000000ffffffffffffffffbce6faada7179e84f3b9cac2fc63255100000000000000000000000000000000000000000000000000000000000000000000000000000000000000000000000000000000000000000000000000000000
00000000000000000000000000000000000000000000000000000000000000000000000000000000000000000000000000000000000000000000000000000001ffffffff00000000ffffffffffffffffbce6faada7179e84f3b9cac2fc63255100000000000000000000000000000000000000000000000000000000000000000000000000000000000000000000000000000000000000000000000000000000
00000000000000000000000000000000000000000000000000000000000000007fffffff800000007fffffffffffffffde737d56d38bcf4279dce5617e3192a8ffffffff00000000ffffffffffffffffbce6faada7179e84f3b9cac2fc63255100000000000000000000000000000000000000000000000000000000000000000000000000000000000000000000000000000000000000000000000000000000
0000000000000000000000000000000000000000000000000000000000000000ffffffff00000000ffffffffffffffffbce6faada7179e84f3b9cac2fc63254fffffffff00000000ffffffffffffffffbce6faada7179e84f3b9cac2fc63255100000000000000000000000000000000000000000000000000000000000000000000000000000000000000000000000000000000000000000000000000000000
0000000000000000000000000000000000000000000000000000000000000000ffffffff00000000ffffffffffffffffbce6faada7179e84f3b9cac2fc632550ffffffff00000000ffffffffffffffffbce6faada7179e84f3b9cac2fc63255100000000000000000000000000000000000000000000000000000000000000000000000000000000000000000000000000000000000000000000000000000000
00000000000000000000000000000000000000000000000000000000000000010000000000000000000000000000000000000000000000000000000000000000ffffffff00000000ffffffffffffffffbce6faada7179e84f3b9cac2fc63255100000000000000000000000000000000000000000000000000000000000000000000000000000000000000000000000000000000000000000000000000000000
00000000000000000000000000000000000000000000000000000000000000010000000000000000000000000000000000000000000000000000000000000001ffffffff00000000ffffffffffffffffbce6faada7179e84f3b9cac2fc63255160d066334905c1e907f8b6041e607725badef3e243566fafce1bc8f79c197c790000000000000000000000000000000000000000000000000000000000000001
00000000000000000000000000000000000000000000000000000000000000017fffffff800000007fffffffffffffffde737d56d38bcf4279dce5617e3192a8ffffffff00000000ffffffffffffffffbce6faada7179e84f3b9cac2fc6325514f97cce5db7d1f0bfc03a4fdf0cfc46d01040365b1e0976a92cf00e5b024d46c7fffffff800000007fffffffffffffffde737d56d38bcf4279dce5617e3192a8
0000000000000000000000000000000000000000000000000000000000000001ffffffff00000000ffffffffffffffffbce6faada7179e84f3b9cac2fc63254fffffffff00000000ffffffffffffffffbce6faada7179e84f3b9cac2fc6325513e5f33986df47c2ef00e93f7c33f11b4472912e9206abf25578238d3c4302c5fffffffff00000000ffffffffffffffffbce6faada7179e84f3b9cac2fc63254f
0000000000000000000000000000000000000000000000000000000000000001ffffffff00000000ffffffffffffffffbce6faada7179e84f3b9cac2fc632550ffffffff00000000ffffffffffffffffbce6faada7179e84f3b9cac2fc6325519f2f99cbb6fa3e17f80749fbe19f88da020806cb63c12ed5259e01cb6049a8d8ffffffff00000000ffffffffffffffffbce6faada7179e84f3b9cac2fc632550
7fffffff800000007fffffffffffffffde737d56d38bcf4279dce5617e3192a80000000000000000000000000000000000000000000000000000000000000000ffffffff00000000ffffffffffffffffbce6faada7179e84f3b9cac2fc63255100000000000000000000000000000000000000000000000000000000000000000000000000000000000000000000000000000000000000000000000000000000
7fffffff800000007fffffffffffffffde737d56d38bcf4279dce5617e3192a80000000000000000000000000000000000000000000000000000000000000001ffffffff00000000ffffffffffffffffbce6faada7179e84f3b9cac2fc6325514f97cce5db7d1f0bfc03a4fdf0cfc46d01040365b1e0976a92cf00e5b024d46c7fffffff800000007fffffffffffffffde737d56d38bcf4279dce5617e3192a8
7fffffff800000007fffffffffffffffde737d56d38bcf4279dce5617e3192a87fffffff800000007fffffffffffffffde737d56d38bcf4279dce5617e3192a8ffffffff00000000ffffffffffffffffbce6faada7179e84f3b9cac2fc632551d834198c1241707b01fe2d8107981dc93c64f8face2752cfaa524a502450bb1bbfffffff40000000bfffffffffffffffcdad3c023d51b6e3b6cb58123d4a5bfd
7fffffff800000007fffffffffffffffde737d56d38bcf4279dce5617e3192a8ffffffff00000000ffffffffffffffffbce6faada7179e84f3b9cac2fc63254fffffffff00000000ffffffffffffffffbce6faada7179e84f3b9cac2fc63255160d066334905c1e907f8b6041e607725badef3e243566fafce1bc8f79c197c790000000000000000000000000000000000000000000000000000000000000001
7fffffff800000007fffffffffffffffde737d56d38bcf4279dce5617e3192a8ffffffff00000000ffffffffffffffffbce6faada7179e84f3b9cac2fc632550ffffffff00000000ffffffffffffffffbce6faada7179e84f3b9cac2fc632551b06833192482e0f503fc5b020f303b92bbe2f747f537071a60eac9dd4c3e50e57fffffff800000007fffffffffffffffde737d56d38bcf4279dce5617e3192a9
ffffffff00000000ffffffffffffffffbce6faada7179e84f3b9cac2fc63254f0000000000000000000000000000000000000000000000000000000000000000ffffffff00000000ffffffffffffffffbce6faada7179e84f3b9cac2fc63255100000000000000000000000000000000000000000000000000000000000000000000000000000000000000000000000000000000000000000000000000000000
ffffffff00000000ffffffffffffffffbce6faada7179e84f3b9cac2fc63254f0000000000000000000000000000000000000000000000000000000000000001ffffffff00000000ffffffffffffffffbce6faada7179e84f3b9cac2fc6325513e5f33986df47c2ef00e93f7c33f11b4472912e9206abf25578238d3c4302c5fffffffff00000000ffffffffffffffffbce6faada7179e84f3b9cac2fc63254f
ffffffff00000000ffffffffffffffffbce6faada7179e84f3b9cac2fc63254f7fffffff800000007fffffffffffffffde737d56d38bcf4279dce5617e3192a8ffffffff00000000ffffffffffffffffbce6faada7179e84f3b9cac2fc63255160d066334905c1e907f8b6041e607725badef3e243566fafce1bc8f79c197c790000000000000000000000000000000000000000000000000000000000000001
ffffffff00000000ffffffffffffffffbce6faada7179e84f3b9cac2fc63254fffffffff00000000ffffffffffffffffbce6faada7179e84f3b9cac2fc63254fffffffff00000000ffffffffffffffffbce6faada7179e84f3b9cac2fc632551834198ce241707a31fe2d8107981dc972e94d4db6642203a44b5591b7402cc930000000000000000000000000000000000000000000000000000000000000004
ffffffff00000000ffffffffffffffffbce6faada7179e84f3b9cac2fc63254fffffffff00000000ffffffffffffffffbce6faada7179e84f3b9cac2fc632550ffffffff00000000ffffffffffffffffbce6faada7179e84f3b9cac2fc632551c1a0cc66920b83d20ff16c083cc0ee4b75bde7c486acdf5f9c3791ef3832f8f20000000000000000000000000000000000000000000000000000000000000002
ffffffff00000000ffffffffffffffffbce6faada7179e84f3b9cac2fc6325500000000000000000000000000000000000000000000000000000000000000000ffffffff00000000ffffffffffffffffbce6faada7179e84f3b9cac2fc63255100000000000000000000000000000000000000000000000000000000000000000000000000000000000000000000000000000000000000000000000000000000
ffffffff00000000ffffffffffffffffbce6faada7179e84f3b9cac2fc6325500000000000000000000000000000000000000000000000000000000000000001ffffffff00000000ffffffffffffffffbce6faada7179e84f3b9cac2fc6325519f2f99cbb6fa3e17f80749fbe19f88da020806cb63c12ed5259e01cb6049a8d8ffffffff00000000ffffffffffffffffbce6faada7179e84f3b9cac2fc632550
ffffffff00000000ffffffffffffffffbce6faada7179e84f3b9cac2fc6325507fffffff800000007fffffffffffffffde737d56d38bcf4279dce5617e3192a8ffffffff00000000ffffffffffffffffbce6faada7179e84f3b9cac2fc632551b06833192482e0f503fc5b020f303b92bbe2f747f537071a60eac9dd4c3e50e57fffffff800000007fffffffffffffffde737d56d38bcf4279dce5617e3192a9
ffffffff00000000ffffffffffffffffbce6faada7179e84f3b9cac2fc632550ffffffff00000000ffffffffffffffffbce6faada7179e84f3b9cac2fc63254fffffffff00000000ffffffffffffffffbce6faada7179e84f3b9cac2fc632551c1a0cc66920b83d20ff16c083cc0ee4b75bde7c486acdf5f9c3791ef3832f8f20000000000000000000000000000000000000000000000000000000000000002
ffffffff00000000ffffffffffffffffbce6faada7179e84f3b9cac2fc632550ffffffff00000000ffffffffffffffffbce6faada7179e84f3b9cac2fc632550ffffffff00000000ffffffffffffffffbce6faada7179e84f3b9cac2fc63255160d066334905c1e907f8b6041e607725badef3e243566fafce1bc8f79c197c790000000000000000000000000000000000000000000000000000000000000001
9767851dd990ca554cd93ea83e9d9a6190e64e169cf30c26296b1b93bf64c60b63207fe984e47a1087887b01c7ed7cbbc8cfe6910ab10ea5b9c71f3d76b34ba6ffffffff00000000ffffffffffffffffbce6faada7179e84f3b9cac2fc63255135c805326a7adbde5a999b42d5266afee954deb4f7925e9c91eea286d25b773885ffaa8f2a271302e4a57e60a174c23561f181251a3bb1bba2060f42d768e209
6a0b5b3057a98f27a83a6d689ef0885049f35d92c7702b47060c2dff2aecdab60dd6b0ef65928f78887cecd3d6ab405327283a0667c43f4a61348f72b4d0e8ebffffffff00000000ffffffffffffffffbce6faada7179e84f3b9cac2fc632551d67b0b245af33b0a7f9cf3bf9ae920c0752a94a9d0f3d08935bd464e48622d61bbe3e074819133522696e263bfcf0747612f3bed0fdfc81448c89f76708d5635
4d999fde0d6d07279c34f174bd9434e20c6b604f569ff4cee18e0d748540e3cc66358669ca5ebcdfd5f986ede95ad68e2fdd3e438cc854a561efc31358b0562bffffffff00000000ffffffffffffffffbce6faada7179e84f3b9cac2fc632551e9835a43d3d693541adeec12ed57025530d48bb880abaea4a8c57b661316174e5e12d479f157ae83b31895ad44c54e7fd52c806abc804ade241984c1a4d5f524
90478055b8f140c92e968e16b1e657f8847bcfa566dc67ad6ac0c5904da5d3e193a8e2d852514f315b9e7aea719f9f93ecd4089974149c7d084fa08830889bc8ffffffff00000000ffffffffffffffffbce6faada7179e84f3b9cac2fc6325512beba28f72c89a1b4563e40aaaad03e5534b8aa8c95aa42b42137daab85fee7f29979d448275194a95971416a0904268a55d465218264ea58e099f36159f5a69
8df9cf38cfbc6d998b88ecc0f10a1f70b2c01da52c82a5b00d45d4aa338e61d8acfb4118847f342c906340165ad99f95be7773b67c99096e5c26e02c1a1713c5ffffffff00000000ffffffffffffffffbce6faada7179e84f3b9cac2fc632551789fa7b38668240d86c02f7828c73b843d947e7d30dbfea6b81b1cf9dd382f2db0d202fe90cfbff80990d22ef5a635ec5355f7c593033df9f7552d9e7edccaab
12b5117dce32467b5839483733c35f2622803aa35e039b655864aead661d877bb132785a9882a0953614b98f996455f4a4e706ef306a3a9b9eb0815f33ed7a17ffffffff00000000ffffffffffffffffbce6faada7179e84f3b9cac2fc632551418c47d3f074b6c5318db95367fb4cd5509ea1e8cb7662eddad85ecf60f04fd9bf21990db89d98b8c97cfe317877dd63e5f841fd2fc6300e13f57691c2e40e2b
184faaece3236395d53e9a2f9f9b2e6261ff06adfd603d3c1ea02ea5b7b94c630a5a579f10a5c1de8e13f8f8c8b1f8fc0148f04afd232efadfaa37c0c8dca323ffffffff00000000ffffffffffffffffbce6faada7179e84f3b9cac2fc632551c73bc0ddbe2d6ed2fe5f05357ee63701d06ddf181275c6b32238255559a4e704a8ab6dcb8041fc5ddc606917562dec57b3ec63c578be995946c16e6666072e31
accc9a4f7b762cf656676683d5aeabed0d696024d33ff83b1a8ceb54738bc9f0a8267ed0f01a5ddecb6f89c9b8a817d9cd9cb305bd832e9a4c959b8e018a7709ffffffff00000000ffffffffffffffffbce6faada7179e84f3b9cac2fc632551b350ea7757ebef1cf2513f20768ec2fb55d5cbb1f79d3c78362e01a067a72a0c21947f69bb64d7348a07ece00bbc6002ad6ca0f2bcd3dd4e40a5317159dc389e
efd4bb145f6c89f024ea3df812649cf18766b07fd29ea333db1fe07b77d783fbdbd3ef9eb6df3e01b625102359b6ad96a3379cc1739d08255ff82ff5ac250da4ffffffff00000000ffffffffffffffffbce6faada7179e84f3b9cac2fc6325519ecb92077ac146b08afd85988f3cabf043c5288ff3b541a3ebab1f75d17c8a4358639e97f49c2ce04629f4c933e9d3ad8b4579006a30a741b756a27dc7bab89c
488a868fdeb9f5e90dde826b3abf4b2a6b4d92d10b122d7b1424ee18c48b7453ca570a11346988c9e0e45dbb463b570e8b3069eb68212b054ae6b21b786abee9ffffffff00000000ffffffffffffffffbce6faada7179e84f3b9cac2fc632551672320638be35865a44ba554ae97a08d7f32ffe7901c5c47b1fd5b8c78d8c5ba29fd65ac2b3de6def50a68597c7627a9a0be15bfcf3929eb04f64b332f774ae9
77f818857fadf1a70c853f5340fe2093006dbdb145e0c219e3de406c36d292626b1b1bf779ad893c49eed3f31ddf6a85c28a34feb42b5f01d639410d2aad6c6fffffffff00000000ffffffffffffffffbce6faada7179e84f3b9cac2fc632551fa81cfdee557abb5808a8a0881f1e31ffca6fbad4903247d6ef5f009f6bdd2a5e72b0401b8cd85025ed7a84ee4a235de2e29477dd0bba3772aeb8342777fde28
24b6dc8e10bc67883ed1c568e05ea0cf0f922d4ead9b1bdffe101561b43f3314a4eaa93706d3383307bcf12b9b7f914deba9cc7eb120211d3a11d17b6559b1fbffffffff00000000ffffffffffffffffbce6faada7179e84f3b9cac2fc63255103d0aac510600e1d3c747ca79733be9cd9ee7d42ecad44089f0ed4e2e6cb62900e7b3eb06318059e6adedfc7e7c9039370165843159d56a1fb450edbfe16241d
1ac4a95816d56fc8d9c92a25835aef267691a1a27059fb2f8c405ded6bae5aae09ffb2f7cf6c7476df3ec5e30967d2c8217acd85de8f1d1dd8e678bb5a7ba3bbffffffff00000000ffffffffffffffffbce6faada7179e84f3b9cac2fc6325515f3c9d5e1076b425048ae0cf582200d5d0b8b01f4bc2ab86af5f3e7e84d0cf9aecc7e6f13cd1c7df7f21ae059d854e6a462e7cb3794cae956da32ca5ad4d633b
20dce859ec0b4e054ef156efa45e6383eb494307e505aba3608773505dfcf7b46b4e2d4c279ae37536cf7f3a5850ba4590ad07bab0d916b4510b218546e20d41ffffffff00000000ffffffffffffffffbce6faada7179e84f3b9cac2fc6325511f38bb7d32f8b593d9af46f8f3c9ae428ebf9aa3ee50c605ecf87a1ba47e8fd2f9efa0bbc94ca41608a3e608d1559db719b4995ae532d0af9c4bb31f3d2765dc
6041a0effad4e697dd4b9d3ab20a02dc9c6ed159c656d53234e0749708d233cd8c62b6ce79830d69ea1062436e909737cb37ee98832b1f03d43e40d9ad193418ffffffff00000000ffffffffffffffffbce6faada7179e84f3b9cac2fc632551c71b0a7a0847e04051b1d66730be2b3fb0c05b71f1b467769343f313cdf99de02e5a529c63d8a6e40ffcc19784a4d3754a70e88734f696771282ecaeb5b7060d
90282dd92d18d7ff122812e1078b75c4cbaef1897fe785d856ef26ea45fae9ab346bcb4653481166d30f8ee90ddb88f2b73260df3c77bad5f832a4fd6dd093f2ffffffff00000000ffffffffffffffffbce6faada7179e84f3b9cac2fc632551b2e4c3a7cde56bd45496a3683c562bc7e58b30c50b79c3c25d604ed3f146c36181ceaad386105d93239b8c2225511a3e70cc15c08dcc262b12d7d9a5e01f0a72
1ffd00032bf7e79a0c1ac4d7b49072dde41b996daf0b9accd5ec6c94f341bcb502c21233d8e6c7a20a0e0310bb1a8a9838556e65a3258910b2746c76cf3d2631ffffffff00000000ffffffffffffffffbce6faada7179e84f3b9cac2fc632551fd9d03efb38a164f7178ac76c8011c73f334f99298266bb5628ab21a5ab89a46117aae7eacb28dd5bb7cafa5b4ee3d4de113baf8973e8fba3d78b2ff1ec2c7f9
6f74fccf91eac0a910c21131a834ca647d2936ad6f57f84413df41313ef65a076e94056bee1b92130b05b6c3627a411dcb64d371e85b08030ac2c3afeee11e3affffffff00000000ffffffffffffffffbce6faada7179e84f3b9cac2fc632551757071ee44a731db268add3420e4e6c2ee1fb4716203b1d22997f08037e5332759c11190494114dfe4d43a578af93739e0ffbb26508921f5235e124d3d360074
7ab43f01c7d373c0648863bec6e672db13a9d3dbc2b80602097f77f0e748e4b275e65b439fdab492b962a25dd195affc7eae4a744b04e5aca23a38d0cab80207ffffffff00000000ffffffffffffffffbce6faada7179e84f3b9cac2fc6325518eb127daabafb1c6f1ffddca4891c5a6ab503f29da59ebb1783b7e242a28b8c6da417845afbc73246808b1d5692a86436c1bd7fbbca7cb0544956cbb1c82bc40
f2e90a0d6827dd967e984817536644193fff7b40df98f5dc7de2ecc3c3dd5570500ed6d3f59b8a1de4eb50b7d13ed68df446477e64f61445c5b2e53802244412ffffffff00000000ffffffffffffffffbce6faada7179e84f3b9cac2fc632551bc80c258682cf84606352ce79fb6208afd1f981c1dd7fec72796d6dc9d04c8e986f040dc71134663f1c13be0cdf252d1e9de18315ff220a0accab69de4da976a
fc341ab2e20ef6d2b6a00d04ce63ea17c09063900ed4dd5b9ed05a0f5408f168123f4f89340388c45d1f91fc78b4aac7473abff0a9186330ff93cf561a934de5ffffffff00000000ffffffffffffffffbce6faada7179e84f3b9cac2fc6325517d90bf921bf86911a73e40247c65e840496be74d8b034a362d16144f834bce84aad2aff57290b8f0580fd20239ce0b0cf8095e53de3d6b04b5895fdefb4bffd4
cb49d9bdfa4b818666bcf657d4b1066439d19f0eb1084e87d936ff46655e7cc2ee37e3ca7377eb0328ba5d857eab47d84040bc7a595f9c0a57ce646f23d2961effffffff00000000ffffffffffffffffbce6faada7179e84f3b9cac2fc6325517f0dc359989eb6df0552263659dc8dd2d01cb44946bf86837c1fcf2a5cdfaebe9b1276db96866a369e76778abcae2173337c00230aa2bf58b881a8634f19ded1
65dc46617e36138ca3696b8f7b35a9884ec661768fbce941e6d2abc1d39bf3a1ab0b368b1ffc46b7f09f328085a45953f583489a264ae5790ab66c17c3eded52ffffffff00000000ffffffffffffffffbce6faada7179e84f3b9cac2fc632551d5860caf2b8e49ece7ec18d87161ca08e7faa685a6660c664b79b93b2ff724be7d0fef627993111915bf0540bed3ce71673ab21460c4474641568591f1445b9a
b6cb034466ebabf33b4d7fa51541f1f3702b5d505726d1554b424a7e9e472899984d7529ff06157af783c81625fa2bbadd6746d1952499e63ff13ada3b558e05ffffffff00000000ffffffffffffffffbce6faada7179e84f3b9cac2fc632551c7c1a4053ea48e335d523513421722f44902016eda3e7cba759da521b2b1d784645b39c34843053cf770c13d98283ef6abbd4bfec3359420bbe511719f20b1f3
13ae0d44f1e71201beb851ca586a8498073296fabd2af80bfcf0ecfa16365979fbabd5736fcf84ec87b22c515f3be887023a14467da0c081521850e4da91ee98ffffffff00000000ffffffffffffffffbce6faada7179e84f3b9cac2fc632551d863e3889de3d7df580b67ca19c84983b0ccae8229fc818568cb6cf598cd863bbfac13a4c91e8e9c873be262c11af6d6ccf5c88af00101db9921d5ec0ea5da23
c41f707ac8d66a79b70873755281e9fbce8b540ebdfbacfddabee44d00a4c81e34841d87916e43260de9bdab7d534467eec63123be26849b04b7f9dbe1e97d24ffffffff00000000ffffffffffffffffbce6faada7179e84f3b9cac2fc6325517b989c55ea44493add32c917a7af53ad340bee860a7ffe987b2bd39eff9efc9b8328586f306955c0fffee6f912ca61bb998420c67fabd02f017e9e181542e4bb
ebeb068be386d132dbd1ab5d6a1bdb9205f038ea4538da4cf5b1af1a0105489996fa229ab0b229fe4302bf664183e05fa71bb52f19b5dac57a1ad5eeb203a5acffffffff00000000ffffffffffffffffbce6faada7179e84f3b9cac2fc632551f29a531a70a0e9df93961f110c87a21203064382e7abf522dddfad0e87235aaa07bc263aef67c59896b2858fcf6747b5c7c337b1d65a2a1c0e12702bf537ce54
d426299c6fa2953692f511986ec72ac06513aeb922547ce8ebcd1406e0d0ed19c3847782ffd63ad2a52862e85af123829f9976c483eb7bd9de4d405e9a131ad6ffffffff00000000ffffffffffffffffbce6faada7179e84f3b9cac2fc6325514c938ee90e4339f3a49d6c96de6fc6ff1f53bf47b95f4393cb96a2fb7e3f233b6718241806fbc5581d19112602f2d0664a28e45d6540c9c8dcb0e7c1471083f9
dadb7522b94b55684243db5f16e93c8c504dd214eecd5552f1789a31ce6461a076da7027eaaae8c9e87dcb8aad34f647154ad74d2d7792c7e6b71347a039cdfdffffffff00000000ffffffffffffffffbce6faada7179e84f3b9cac2fc632551c1637cecead36c244959c632c7490e12eb0c0b97b2053fb02a1f4fee16ea03cf313faae395fbe01dd1469863eac265e89b03b5a1321079e74a592ac961c03e15
6021cc5b57ddb2d5d2417238768e2f0211a39bd9654d16d29b8746cc4dedfb5dcc9b4cf7bbbb6627866c59aa682b67efd6492768845c56ea9f16574c749ec209ffffffff00000000ffffffffffffffffbce6faada7179e84f3b9cac2fc6325518cdd3b770de22563445f903d7272859472298ae958701da5becdcd4eb6baa32a659083be7c133451d9607fa945d266f4fdb5357519bc07bccc1cb4b5a8504c75
414ee2d766498d8e653714a3f2f17368eb02272f26ea53077910e496476c1e083b6d8146b1d9f611a563df225eb780120d337b42e68636cf67a272bb9645ecd6ffffffff00000000ffffffffffffffffbce6faada7179e84f3b9cac2fc6325513d27a04073cf24bb3b1a95365cdf76d88efe2b6f8266992621e5d30032ea0ab7820b7442248efdf4cac71ccfc91bd431ce9163a249006086583f12d5de5ff2ea
12b07bd95379acce067182b829ae78342af9c80f9012b993a95f7b15a7a90fbb6966808fc78e42c51c89e825c6b429c0efa47620aef0bf0259ee5511aa74f224ffffffff00000000ffffffffffffffffbce6faada7179e84f3b9cac2fc63255131f80723f59f6b60c61a297b4a85b92d40e7d3c103b4e5c7c0913ba6226209633197a3bec2cf2177d10e93f49d30f5e0bc3e196b0e2a74cf0687642f8e504694
d954b0572fa60f0c99bd2c1fc8e37bf74d8d7f9cb325ca98965bb3524b03f1129a935b98f7560a6e07374933a0e400c1466c3db459354fcc964681c5203ac8bdffffffff00000000ffffffffffffffffbce6faada7179e84f3b9cac2fc632551ec1133eed63957c62408585292e4efa412d0c419f9ca956dacbdc9ad3b9d9fc6434be6feeb04462e90446f53eaef7fd13205db15caeb0e1e24d57fdf5e6d68c7
82ee9236925f65b163f0bd220880535230e03909ca6e520f38c50586b2a9912dfa6062e2b84fa04e0a2bb8430c123c4e017b0c91d49e2f547186ac4a1b3e444affffffff00000000ffffffffffffffffbce6faada7179e84f3b9cac2fc632551089edd213474462175cb5849641debec4b90bc196e6f775b2a9dd595d6defbdeef05e71daf46d9c30e0eb21e07f13e23deadc771be1ee46a2821e2953559d792
cb3c1f4db79ac68e8d7c29326e8bed2be89015f99000707ca0e1603516c57bdd308fa1a20a9b7dda48b82bcea14ab6c08694b27a6202b70da778b8960d0b0ae9ffffffff00000000ffffffffffffffffbce6faada7179e84f3b9cac2fc63255159730ce53d604ca3eddb5dc63c1a2ec78ea28f37c3e41584f73b8a12d0d6fe922336cb05c2e39cfc5c2cebf1ef161dcf15835f950eaf870ebad2f27d7c6c635e
0dee9135ae11a1b1ec94d41db2eee15a78b3b7059bfe42b7ce008eaba665495814d86d18deed0cf72ace7072e9b95813fc8cd728ac76ab317df3f715efd9f050ffffffff00000000ffffffffffffffffbce6faada7179e84f3b9cac2fc632551dbb78473f0fe2409fae19959b637849cba8b50ad8375e64b64ebbafc80a63a2690d87080b49497471f468884cc4dd3a729a062fd96031834810775e56a3e58e6
1926637811e192e24db1c8d70a6424a53b050534b90fb47d9cdca06f4d541fa4c8ae95bc9c41c7cabe8fb00afe7c25ad71788156c37788796f6c2a4457b83fecffffffff00000000ffffffffffffffffbce6faada7179e84f3b9cac2fc63255119a1867e92a11527d63f09c8afefc8d2d2b93ca84d2ce0dc62006177d1e398950eab0f90e0c94ff545ae7f3bd9465869a15d123fcfa9d577fd629f3fbbd98f0b
9adb9e4d583f1843dddf8baf653abb3281004e558b01200b06a47c073bd3d17ae61cd13376e6a27c83192898dc05461630a0860185c944d32ab08adbd7370679ffffffff00000000ffffffffffffffffbce6faada7179e84f3b9cac2fc632551af2c97ecd678671a281b4f478551f500e577559d978fc6028fde1722a49bbe81b7dbbaf5681283da3316211603d69bb42d2da2d680f01b39c56279938cab6f31
495a97793ae4e9a1f16081f4c4efa34c2365abc0bf6ca9318737df04701853a04858387f0b4bb4c858c8c5817d15631aac306b191d57ab3fea3ddd442d6eba9dffffffff00000000ffffffffffffffffbce6faada7179e84f3b9cac2fc6325519137b37d82ce812a074f5b05e1aeb5da5d002913576be16d363b7a2671fb0920227a30484c7008cd837848b7b22b6a1d698ca387a8aa8adeebd66360b7f3cf54
fa08685c00a986e40e1dd25c6a3aee6a182ca016028422a6df7079ce8038205e6c0c09761fc983f923c9337d369615abe80d89fdf7b8be42cd9ccd6f67f55ba5ffffffff00000000ffffffffffffffffbce6faada7179e84f3b9cac2fc63255145500fb2036982119c0fe8f3b93d5a1851b41cfb4dbe69811429cfe72679e3f388dfe5fe2a7c43c70844a4ee3e479d9482fa4de82063a024d3db16e6cdd50795
b5b10e1ea8860aa7c878f0731975ee1816f1b6db50090f9a72b0725c37776d7b942e917a0d24a2edeed1a912dbb07eab3cea60aa33d98d2866973aa237a16357ffffffff00000000ffffffffffffffffbce6faada7179e84f3b9cac2fc632551b48d19375e98872540195251cf5858676a3ba83783481f92e6da17256617a2af0550fe8b75e4c2801bc1adc3116fdb0efea78007eb84690a6d5e9e759b603ede
2841efebd1c169d180781e1485648d99b2ee60dcf042ffde11c25c1f268f0c0786bc019c1090e3f4396e025c2462369500a7ab5e6ef5f0f2a9240fd509b882ffffffffff00000000ffffffffffffffffbce6faada7179e84f3b9cac2fc6325519cd01a7b0b11515840b5b812f1ec0757389d1c690159b90522b7822b5daa31aa6c5e63ad31dfb8a6baf8a1fb81da376629d64102163c6719449864bb3c34143e
4b62cdd27750cdb8e382fc3b57ffbd896c2d34b2db6f8a2587e61f53b172406e4f35949a4aeaaf3c316c715390f3199059f49a3d44802262eb6d5d5d303fc704ffffffff00000000ffffffffffffffffbce6faada7179e84f3b9cac2fc63255101a00672cf821403164ea03db6ffde11d7d8d552cb518f0a6255642672b8f0a1c4c5a978f34c2c33bd0a5877425e88e027c978f224eb21252354e5b1ec8b6689
9005cc0054246d1b645bf16571aec69edba483d657a705b2a37d89f4ea14a964c632be17cdef9d12f7bfac4be4612f5f1217a2b3404797dee4990520bb64afeaffffffff00000000ffffffffffffffffbce6faada7179e84f3b9cac2fc632551a96fdd5544b6e0c14224f6dcc2b2a349a0eca12874e80b85986b0f0a80b05e9c9ea12f9476548ede85812c0e47399dbb6001f973d563faa395157b0d3be5c1be
7926d3eb25fb3f3023063547c50248cee668ea22e914a91c75ae5fd99ad6fa972e526dad857f76da7e425ee476c02c669c514b8c4b5dd771884378457e235ddfffffffff00000000ffffffffffffffffbce6faada7179e84f3b9cac2fc632551ed367eebf7742b0174cf0ad63002e0fd5df42d8f346714a5cdb91463c56e976dedfd5433289629f89480a6669e8964c8f79661924ae0ecbd634343327ed73970
047aab82e5193048590453381df58cc65fdfd464bff3cec1abf73de18620a2344d85a5054f0114cd8fff087a1ec7212c852a289be3b7eedd21838160286c81aaffffffff00000000ffffffffffffffffbce6faada7179e84f3b9cac2fc63255171fbb8e9a72d6f24e0f34fef7883f3e0477bbf1e8306359f03bc4e6f553da86ae355e12fad57d1bc623234b950ce483fb4a6854ffe6b39c344eceafdaef1cbcb
0571deaf5559a95ed246e3156b23a448f50fb0523210af24e096907909071334cce4d5465acb04b17a0bd6a6891f1f1af39f6924f2fae20d760c305256220624ffffffff00000000ffffffffffffffffbce6faada7179e84f3b9cac2fc63255198799f52801657b6dc3fc7a2e95f94b3cf429c5c463b467ca4c1387e172cb8d4c85f00d88e3e41377530368ea8a960829cdfeb090173b456fb904a27958b3b44
40bbdb4a769da5ef4835c0052e402ac626b9e01d3cf15353131bc8fed4a26ec1aa4c1e680468b9e02e0cf5ab53e652873ebc995eddd45efe487e3c912ec947e0ffffffff00000000ffffffffffffffffbce6faada7179e84f3b9cac2fc6325519858b6da585a086a8aac259b17e5cc418c45777cdc46fca9596c3cfb6431de10df785187d8194fef930ce3893ed80c28ba4697db35119beafe2825496cc73862
2eed64c25b547a1e5fa2463e283c92c56c2386e61da49f923bb60fe67a17b584696b6bead39bcf322ee5e7546e62d89116295a28f9e75fa8d20cf364e7d74b49ffffffff00000000ffffffffffffffffbce6faada7179e84f3b9cac2fc6325516be01e5c19e45e514c1de6a2b9265b74300af2f239d1458cb5b9b9c31e06d732719ab5f660af29a99b491c4dae13583f8720735900093121ed08d9f59bc5f632
da06ac4b7813c950cd8c6444f493d7ffccab62bd257cc7c240437e9c22a909c7f478f4ae550ac4d80542ea5eaf8cc34e294fdec521268d29935be26fcbf86747ffffffff00000000ffffffffffffffffbce6faada7179e84f3b9cac2fc632551be3fafd43ae3af992a962ed7ee1ccc75ac2e7b44d117ad1f435ccfdb8eee247fe8bdcf6a27fa7de6ed6b29855d41aa233c2f3a149459af3fe3cfbc87434a82d7
b4c3d61a08862bc55820f425232c8ab44c72b2c889e375835184bb31f8729da6eebde5b630bcf0612ffd6e58d724987df1dba93d586878286266fde90079bcd3ffffffff00000000ffffffffffffffffbce6faada7179e84f3b9cac2fc632551daac6c0a9186f369723fbefd6a5b7a46ae7ccd5d71d45dd4b8221815c2c2121c6a38ef5b2e8af87c02e3511b9fab9c1b8b74ea088f0b685037cc5076c01fc1a3
76be0c01eb685b7b3ffb50028f8030ec7b6f0fe4c61a9cdb0f497cd4ee9086335e34d376f8cf4c5eacd1f14adb96c684f88f34d6092d59d4e8878cb25fd979a6ffffffff00000000ffffffffffffffffbce6faada7179e84f3b9cac2fc6325510072411449938d62e7582c031a34f5e759e2d40680ab29fea6c9c000cf055b08b3e5a0027e92e2c59c59936397042a6315497cbd4798028cd80dcfacf874ebe6
29388a054ded0c9ccb3fba2fce031b208c07b9a4a087293fa3abb39707d4c053244fe4b909e5c92ab9d326de537d9f5928e70cde78204eaf916dabcb6d046dceffffffff00000000ffffffffffffffffbce6faada7179e84f3b9cac2fc632551731d875614bd0f76fe87adf00eb6712c63c7f69cf4faa4e9d869e9e6f1f6b9e17d7b9337b3931136e87305ee0d6daa47d640c7ef16b52d273b3298851f7db9a3
ec6ec099aa4b4d30fb9c787121778b7b236ddf6df900aac1892e3a8bbec3891447f460d942e19c2dd67e8abe0d7015bef964ebc1c734bc794f018fe3397845a7ffffffff00000000ffffffffffffffffbce6faada7179e84f3b9cac2fc6325516569f2586f9bfd8ed7531587e3facbdb3ee2837afc44241a21f5255369dbc995452d46bf6db9116293a539747494d288fb1bedad69cfe76d1188a0f76d7f2b24
14515ddb991410427c04b3cc8e6babd66a6bc9af742b364ece1787973b22d8afbc219e3d11fd4888f840d014be6d0c40ec48242619e66742902dae6991786242ffffffff00000000ffffffffffffffffbce6faada7179e84f3b9cac2fc63255125046fe7785886527a8fd242eb827cb1a3fdbf611464fc343152a67e3f62a9727199af7c004634512a4f3de9e962c36091059a120351915bd16074903ebd34d2
a018a6f05325a6507dc586853f5b6011286ea94add4cbe9eb34814717f5cf84689f55badfdb148d340c5123a99cf47e651d0d34acfe0af72725fc59afdadec9dffffffff00000000ffffffffffffffffbce6faada7179e84f3b9cac2fc63255154098e0831279a2d8f1fb2abd97dbf813ed79b0a6a0f1c7f48bffd2fe7dc71265b5f15aca47bdb8097a0ee1a26f06a1bb85550b8807c4f11f3df944ad4ef4bcf
08f7580aca74ff647dd1106afd176b2f0dd7f27ab7dc15bea230af9d0f68dcbe8c652805f5cd8fd474956aa4e18f856434f8aa3494d0e2ea1de86b5c4506d0d5ffffffff00000000ffffffffffffffffbce6faada7179e84f3b9cac2fc6325515022627644af5bd6b10a38c67ee744feacc958b862c1a3d786f4dcbd612596f88be26e572c6030ee0b7162ffbac06b452b61ed5e31cba978203d0ffb3f7a1b40
8bdae817225811364e4c7a9b5f1eaea2582029918c52f6d20e10591d35bd56398469111792a7784b0b9440d1970cabce1c3fdaf9c1afa7457b18b16bbe83da7cffffffff00000000ffffffffffffffffbce6faada7179e84f3b9cac2fc632551fbec15fd1931e42aba2be1e98fd3efbc294193749ef4aa9e71891c448dbecafdbfec40539d7823a1e2d01095bb50131fa4da8507490ef188aaccaa45f6cc8308
c6646e9aede6ab137bda2ba06ade3f9da8c5ee733fafe2a63557cea18c0d52f3c9bc690c874dcd6aeef38c2ec08d9ff02be3dc07fc5123082e0e6771996a64f6ffffffff00000000ffffffffffffffffbce6faada7179e84f3b9cac2fc63255167a085b110124bcad73c4011150df449746237ea66c9b29ace7e16944f8e26167ba84ee94175f79c2e9336c6bd2f31dbe2c6f0176132e7cb82ca734a69e54eb0
6d36451619a09ae4125ab6c35109ef4117ca2b4952a0e302a5c9fd494b5c21be6f4a9f8cc4790985fbb88e7559c850ef7ef923b3939701afb45d886b929e604effffffff00000000ffffffffffffffffbce6faada7179e84f3b9cac2fc63255178d4ee1b26c088a4b4444d89df4ce2eb85414998d9b6f8c14e9640d85acf5261a27df368e8253cd097120b58ce5ff6e50f2940d9be09ff1503b8bdabc8e9b27a
488f0e1f0a57d6ba349a340cb4c68e91445fc9c6d09ec33791b4034252863b6124a4735e5a6f9ebbbf847f3d45a15facca3644d1f733ac8a9ed6be9a030c8a89ffffffff00000000ffffffffffffffffbce6faada7179e84f3b9cac2fc632551c6a5ddcf6b7d7a1ad7ac82e9f6bd763910ba19f0e7571caf4414113c9a9e440cca9c0ef924214bce1708f4281a491db6a383e809e313e6bd8f8082a96271002c
38a489eb76009e38c3784af16ea2037ab09e086582e13b2d585648c1d7d789abad47aaaba7a3017dc6adfdcd5e4d62c7cdd29af2a709f192f56aeba78488e8f7ffffffff00000000ffffffffffffffffbce6faada7179e84f3b9cac2fc6325519fd5fbbb50624d4082d116872caad1252b8c94bff234c5175c0bdd0887a1fde67d6ed559a87410dde6c97db23814dba5d1e3dee10b4b0171789a99299191b854
ba8a42008e2ec1d73f697e45b9d21f0d527898472f85cb3793e90e0765d137c22fd6db8684c44ec76115b540759f88b2f7936f3abefe9802f21ad293468c462fffffffff00000000ffffffffffffffffbce6faada7179e84f3b9cac2fc63255105c7da28568fb240757eabb6721495dd69da969e0893952347faba695c48bf0ba3cd08c8a4d8c05b74d962d564151a748dce180255ffab283618a0b4b465428c
317bd2d2ce08fa4b080147a1329b91518e4c4b3f4c1764ae4f3126b1aed4df3b7bb9bf98c29380f79fa9dd8c5ab24ec250c7ce6cb8345bea144630b8bcd842a0ffffffff00000000ffffffffffffffffbce6faada7179e84f3b9cac2fc6325516376148f137c327be6439dfb8e6da3ac54ff82f2e1fc2a1f3f95e71cb2bc83a997837a6c32cebbcdfb5f6213634b00a7c098f20f4f508d7e483b7e7b588a99df
34901e90e9697feaa6f8b48edd8ddc9aa4337ce502cde68bf53a04a93ddad7eb7b332abab3809f150146e0102db6d1a7f7e53b3bf0027d81bee08645432d3fa8841a811faa6783faa213425975e845f8e15c11800003c62f17a0803a994a49e732facd0734642e26c00b95c5b2c60824c1055047837e0b494d5163738dae30251066257fd133b2fe511cd1bfa2a05adba297aff82b810b787148464b19c01be2
44ebfbc45b7dbf8e8028eefeb25f3a7f2d37a53c1743703a05eca1fd3321812b46c67392917edf7eaa7f3fe5f16c0a0915580dbfcf2813b5d66f15f2e855c17e5855fb32b203262848cea5fe6ccfe1566b4fee31e880c3fa1e51adb24361b3bd02abe4af0d996bd10c89b9e71aa215f7caad7da5db038195e95fecf1c423becb1bec10a4a88dbe348068277178f383ddae88948732019a5505be52d594620f23
4ef41a585885f26387561aee810e54dc433ec80f4832daa84f77b24e31769c9759f1f423082e5af183402f8784fb1c3af581f50d3544c1d5d450ee938017c798e4f03c14dfac7ee62dc6da66a7f2cd67b619284f660d5f566e3d5227b391a6cf0e6249f36ff1280e99c83f241e0460be259dd8a6351a31c4f18b3229d70031e0b8babb26c57b0f7cf382560c8c7d9ca7c83e7e96ec90152bff1b7a689ffd0f6e
067b7cc3a4de7c0882a13fe2e457f0eff7632ca8f9a106e2f589f294f4cabbfc5796bf9b480959c9a94e77b3df0383cf5e4ac4ef2da34391b45a6566725e3c8065552aa1e2a3476c1cd21589a73be8423b72f4b5163947faeab565ee02597f310569bc2e83954b7fc885158096458f06e74e34009fc4472b9b275d776f0a5a493d1603f13b999f5103239b5a2d7a8990b8d239ef88fdba456e27ff6b5bcd255d
1a3c306e8e9a2822a30e91dc014eaaa02f54545be4e838ccce65fe1cdcdbee1b117d697a5f10543fc5cea41de50deea191562420845844a9d72221cb5b8b818a30a3d4323b1ea1140b45f689e2471211b07f5b16bb965961fd98a290b351bef12fc6025e8ef1a0aa3097a4d30027f745863ff5c527dcbb5c9a7c643da41d95471df7c9e3ed9add93f853877806d67f449d559aa4bd4ed083953b6cb30ed9a6ed
06522688e9aad81be591d8e5fef206435449ec9f81052230701749dcf347e53e0cf8d5cf260d406d6355f5bafa630f3b7ea3e4b0bad6ff9a1e355371a370e84c12aa48ec9a6e04fbdce2481bb2e1e941d715d3bc0ff90d71d74932ae1f47e1590408fa24bdfdc8d47c7acd09f8abef7f7cf9431143f5972a09866d0c87256f790e7f0bd331f90ff1afcc13b720655ec7268c7079dd67e8b904e5635f04d8e40f
1aad2b3d2f5ed620023afec615814246f0409ef213f1c9ae552ac62b4f956ed201c60b585cc8491802eaa46fb79e47716327fba421f431707c0c9a4a6fa223e92f9b9da215bcd04b088094b172d048c4ad4e8a64a381b54bde45bf8c8e2c084316793e0d0c8841634b86fa0102295205ecc3004974b626c3b0e39e4abca241070b405e721a677cf090309f60771479c5516874ef97cbe4a838db7bd10713f764
f2b7d9fd507fc78817175882121d60a5c160f9a467e762c6fead65f683ac97341cd914294fe500ce4ee7d98cd93160e9357c5b129ac52fd6e627f73dbbd89faff7f4c5a5373b9087847793e6e1b6c518122ded029cf7f80624aa1ce259b1c71d6da2a7428ab472eec08927e5365b4a490880b589d8fc9607cf7666d488f53ed1b351bfd337ce5ad34de5da8c4a29b1578e08ea4ed7b0782c699b32b2f43eac4e
32b1cf971dcde910727f703abd473cfbcdecc9d1778568cff505f431b3baf428088b8b153e9645100f54da26dc11a61022cfbd45c81c5aef81af502b74e3c3916c1332e6d30996617fdbc8f92741f8bb51563a7ff9a69be04ef58c461da228c11d5ffe2e28a635170d8458fbef79e73e2913e8195d50dae4e15fe9b8aa29436a6a0c7949741ef9d7626773c510abc5b9eac2aeb51de78938c30be0942bf12129
493443f6d4d1287ce5c5929f1f4ead97dd2a45e9466c5e74ab84ccd081b503c74a5ff238a8eb210ef4c74021bdd42cbbaecf508fe2a26ab88c341e053c953dbc5f86c4b307d8a2339a52775b90f106742c99ad58d03457f91f35dfa3791998b50ab4848628284fea75ee3c405acda76edb9d5c50800ee4fc9e7f2aef8be75f5d27b5f97ab930812ce4b159c9cfa375e2dab86109800089e67ee84ee5529a0f50
30f0faa5f7631369dc7bfd802adcbac214c87b4e3587286f7dfe7664031f35a3270034d7c5ba5dfb3d1d89671a995e4af2ca8e9865fdc780e502248a1acf570169bdb3353f66d9014994f844a9fb79dbc953a92cc4368f9fb38e4d5500c28e0b5b8a764e28f570d7bb256557a2528f04da08fca1f913c762996890cf7040c7da1559fdd591f7bc43106e36b2c35a2500c8bbf94a40fda72dc7ecfe797d46a3f5
0a270cd346e4d3a5896e382df43e2de6562d2e04ef814af6c9935bdb993dad4e0d7a07f84f8010e04788224a35af8092b3b1e55f35b66f12d874a257655516fc0ee68aeba9ef24975a758760da084af5921caccfcb940794dfe57876a6070ca1081ae3796a7ff8da1bcd592a6b155e8f6e8f0a543543bb0e5c6abd113f4b87680bd1038d8f2e013583cfc0eaeb88f011607ccd0380e5663cfa383de8756e93fe
1af2d76c481233379a0ea703527229a65a2f5a9f4f144e5c06a5708b1f095bf24cfb658c7425b8d0cccd80bfea27d2fa633033f4c0effae6fc1cf18c5e6c1e7a6af5ac4d23d8de6085db1f1fa68e97240c55d0a24692daa157f2899f149ae79b114fe0f45af393297f41d0b2ff97e3c95479d317c5e9a35358d18f66d9050d021cb56abbcd3e568a7cafeb7c7e956c07bfaef93a5e58befa2fe4ca9cb2cc3dfa
9870665f202b398f68c8c31276239bd36e829f15f659f78b70e6745900c743720584b7788ed77c761ca9150f712faa2e29b8f90ffa2f08a07a2fd72087632688e711066f0267adfc9bf26c53f3c54211aa3dbd0124f8f250e3795ab697f1c6172bee7b29182fbfc39b520028381e95e6ff0ce3ed9f2e1089f2c691e5918fd14514e50e9d1faac8d7d732354a7b1c534cc5eec7d1c6cedfb0e0fcaf9aae968771
0931c98bd86ec233c95a1b721090b029927cd52af01aebf7c3f5d55b64f1e5662b35c8809125da3dd9c08cc312a278ce62df736a9bf647e2435874b20dc4430b85ee864c7d1503d51ecd75920bd3188653baea7cb6561ec4c50c694689ba118b59b6ee6a73bdf7ceef3ab5bd57691514835fb643e32992f34d42ee08d7974a6802c8c1cee140bd9312fa0a1fececb94d94c1b7c2c95cff45ab98fde27aa939d0
0596a1a52d03203dd24c8c6d2e13b1b472ec8810d81e5d92ac97e3d16ab6bbaf0a05b33e76037d226301e81244b2423ec08267ba4f961deffb7d1b9a1cfd4cca0c034a40705d156568d764d06bd7bb281b900e78e4a2d6c63a9e4072c4a985b304be513171a65c2f8866de23d1e88e4ac2ed6d40a2bef3d958ef2c99bd298ba8054f3e76094e81c3f0ef80df93bf98fa9600eca5ba2f7a31ba2f97833b8b3cbf
051060c307ccbc608aff2e0dc4a5852d68f7018bd41c3cf48419adafdcdc281902ef412f68ef78f816c52cabf77735bd89fc60b04676a8c0aad34b540cce080b0baff20b7853fe9390acb6df1a02c9891a7c8e5691d081f433e26995a3964ebd03ab71185fbf617c01f4289f01699ba3513de4f5e919da1de98dae6d4701098e07ea00ca3887cce2ebb319ff11ecde64833dd043b87017b1407f0c20b39d418b
1374d5ce33fef09aff9a6e64ecb2432de17c2a99d29fa0a953189a5af88678bc0f3518da10b0c36d944b3341898e35910e390bf44865a421274d48803b49f21d2f352165827d046b47a69dd1a1944f083046166b45ff33811f5f0e8f089263730b53f7afcefb51bc9539b31c4e61d79e445a098fe9c593abb02a6f44ed4ffd981a92d3cf9dfb367f9590298f19d0a6c1483506778a5926937cb1aea87a378756
a7ffc24d48cf38b6bd1d957b2147d688c2559a5b6506f9bdf203298f6936a2268705ff2f8463883d567c2a8d4732e69684da36f6c1731570fd90e2c0e661c1b1d40bf92859fc93d61794df5969d05384afbfc124f18daf104afb1928bf14daef776cbaebfcd3fa3c81d5e5ae8fe59fa0c8f9c5239d079dc6bce9077f847eef2f54b203f9d8c4aea897f71dc26588e6bc2eaf7c62a7fa2ed74fe4dcecc5269e8b
b78a8c296703834a32df0499a4b235f40c3c51869a2feef2c4902056d56647849fb162d26dcbb82d5aa2453602e4b595c906eb8d7d2cee8a81e1d878ce0ce36ed7d5c69089ad271814b609fc7dd56100e91affa7d153435cb8d12192e10939c301655f6da4cd86920e805bd5c8bd734dc3d20b295833a92bf1eaaa8dfba32b63d711b80e45bf7940a662043abe541f6ece5945456e5db71bd76d63683d76764e
21e30c607a0233c6dd18bc81996e73af10e27921eeb05ef69ca7ec16208e38f06f1e9cbae1162d94150f0124bce4040a69f72e0b57b97161c714d5dda3bef726b8572b525feee02c898e5be1743d80327e056576c0275325768d5627dc2583251ac3a81bce308e83351198ea63075c916efcb0028c61d6b52b4c9d51bdb86ec059ab04de49a51c3de5b413efb9c30abf757fdece73f92bcba615ac24f273387a
126064d722ffa76f0c58a2b548384b6a43a2008136fe98e62c96c50f286f77e801b9186424448e8a9592aa76328c232889e10af4a10f00213cec1e42a90b2de415d4aab2c155817f4a42b851cac73023ce282145dd95f42c2e2b8afec9085bf51520a6f3cea3def9971de4efbf43edbd89c404e70430757504ae99d9f1e3297207f52a31426528cc9ea5cbba6002676cf11654c553d4d53b5ec14d82282408fc
1a1c8e731d02c29d546e4aa8aececaa7bb7e07a51112dd3a4d44b845754e10c751544f29849e6101728a058be1a7df5797b6a542a13bf15e9db194af27837d9bf47b92cbab75163e76038cf4c44dadc1df64f2c91528d487a3f45b3d14869cb5bc3e98de7c41eee89f89bc3d282e691a897cbd6e52683b7fad4fe6502d756f47ec79a08de74e336254904f220697f3ff21ae891ebd6f85abcb2336071a7e8105
3ce4b590a7466b57ef19797c44ef80010efaa600895a22eac52bc753c98354403071369f8c8a2077bf0131f4a78cbb6dbd293d3c1a2ea4b38a1ce980e17837783fe52fe7198bea04b43b48ab865b059294d538aa7bb366ca40df849fb62d0d152514cebe1479f72eaa418c876f8eb5fef9061656a4c0bed13d2dd70c904f48a10a91e53b83eccfe3476353f7ca939266467330d80fe950beb82bf043e704f205
239851aec36aef8359e50f77c0791b95272ac966ef4c1645c86d409749d7ac822361b59b1863a02d548c629c1d88b7d542454f26f682b5e112c50518c1efe3a845994e503627c2b3e683795d9ab7b4f92092d32e1fe417cfb35dff1cede32bf50daecd7cbc1e1c8fa8dd0bf0a46b1b699f8733e3b3ea893dcfe7c50c0df201ae302fe0f77e96bb758c565c6244f36fee54b6163c1b16f26decac35096c2e39e5
00243fd193440bd38541633ee8118ffd7f883976cafd3ae607a59e1c27eed94d00a23062eb35d247438f48f29f013c1ac5308f5db2c1fa78cf01b313eec37e04016652ff136c9a35b3554974cada31823de02307d15e2ce24e45cd97474ea2b500638f487f19a9aa7c29601c4a4f425125cba8a9edd1c5c57ac4e27bc7625ea90043fe4cdaa30f94cf38589c1fd8b076dcdead4510a9cd6529bfdad6d9ceeab0
270e5153be882dd182c970fade40966248f821dc05ea4f993aac63e90001f27d7bcdd305aab23d2c47413d66e9b798532142dde54ef2deb2da81ad7d0d774944bdade4294103374b777bb6af41f59dc37bfa74f60634c55605f42edf3c4a3bfb444ceac03466dd0ed44a6417dbf45891d700a4636aa48c1b9eadec80fbe0da7917ed42fb93804942d22dfc4a43e062b024446b86d5ca0ffdf5cb26682bdb07fb
e12d51ff9b53e169c1c06611f3974db75c1fcdc7862f4d3d79685ba4a32c95f06a4184984d8fedcffb877dfb7c736967709ed3251c465eb62f748e14b7b94184edb875082561a98db9c06ecee6c13d3c15ce5229f2e344ddb6deddb498204195136d54f9e9fc8a256e1f715789e4f716e241914fe1a061ec98f92a1b04b048e0191cfee6101c2dfa6425897f5b4e4582382d943afbcabf3d85d485af66cc151f
03e69be1ee08cb2327b015cc7a0609524ac5ea085384975577decd1a227e452a05453d421e972ec4a4ec2167f9f0c7fba64630747aa9c16924179c1addae2b440920e12730e476da2ab27701144b94920b746894778dfb5332144f40807d8bd9003639890e8e9c532eaa3a748b7b2502d7462d5f87ddad6cb8ef937a1e43fb4905ce0baea7c2741f52ba7ee2690667f6994337591efd978b108a91ac473e6fcb
240dc08ac2e2100ee4c194fd48902ae251ca6085407585deb73ef45adafc0f68650b6dac254419f6409d037ed2a82085c5b487c4494b82fd316000063043901a802d260bebbd18676509da8468c00e36cf1ddf067350339d2ceec4cfca28ce13325d39e4f415abb1d2c690d55f6c131fcdbacd1c275e8b3c0ba5355883c2f18838d365fa27377f421d07f0a56cbae8132067e49048e21786916c0b063fa48a39
1cc8ba04d0f909f95125ad571bdd89b9c759f15478d8f0cb74dd6d7ca5a6a80a3123a9a540e84e1db1d45c9cfcfca7adad43ac36140e946f27cdff478d8ceee14d93325606ab3902c0a3cede91e3316e4029361d9ad1d8ef33c2587a58f71feb08d37c5bca3162c2d4b324071720b3caf848f64e0b17cfe2fec7c02070e89fd52e35277abb69938ee9741377f772fb2f0eacd44a907fc2ac5edf67c18055a36b
193f60ebd5ff51d57ed74fd1457629488b36af80c42bf0b2c611b26e9233127eac5e77c88e874bf5cf2b8daa9af62588af154d194ac048a65f32db710db42701c33d41940d5e3aa48e25905a452081ec07530cd5b41a6a7ea961254d00d60b3769e606153a3418f1377731683022690ecd78244e69473072bca95043315cc106721c956d4a520283244c0ea98ec2c8c896afbbec48af77d03503fda92ecdd13d
210c1f47552b6afaf7630ff7ac53c5d208c67f13fb6db2f2b3d0481b6093313099d900c7accc42321c5fd53a76b07cff8607d7a199deb048c0054a69b5c40c8599e2856b0c802023695e8d366df252ae0a7bd2479e69a3c2809712298992a5294d4a77f533a5023d4ecf23335ad50ee5e8772a1e39808b9b3e787505969df8b203858aba97f4eabd18cc603fb15225e10f32b372cc75cb7062df5a26ce8982d1
8a7dbe49a4609ac852b0b10969e1cdf18c4a4305a0a9260fa90c68e767804aa00453cdc5bde1d2eeb3be98285078956ac0638f57c9f031bd97d20a5835988eb0aefb3bc03d80de9393fe15315673a61fafd3e9f77145c517c2e31acb6fb3e3b118d6e14cb64c91d3e504ef894358f43f7a477fa2887560e0d1d5fed1f7b3150f0ae85db71d9d68c056b1eac11e36e8277c7ed7cccb18c1b3d9c5255b6f60f53b
012f41a3fadd9d82b7aadd0879bf2d33ddfc58d76341fa84776a0ed88d471630009372264b704fd49ea2bf94f8986e85c4372c92478b9cca05fd1c8e9b7abf3e016d01137935f8c6a99f35c3ccb9e7f0caaee481219698aa3e9af1708cdfd877006db666c9e0fb98cc36ba3d31e5aaf66c5be3d84e7176a937c53103713ea619006b4ebe825877cd1dab6e51875c4750547f3f5e21b63d733e521102546611e3
0f5832ad5566f991f4c1367557f27d667c8aef75061153a00f4513991b718eec0e344fda555bb8865c53cff92f21aaa8bfdbb01c44153d62eaf9e6af830845ff2b9638cd4918db30f82e5cda23b5deb91cad96a7eb6161ed4201eb2d2e43e0310463bd939c82feae59b5fd8d0d2bfe8e2a91d140fe71db5067991dcd3f0526a129e076e7fc4d595df182fec6a7edd96c322fee37a2a067d26b3ea4529d2014cf
47ba4d740921eb9c9dae51daf8ed0a2ff641bb3eb002b876f6b2e4049f7f74ff87fd798bcd027314566bb1b8f96add23597a53ec26ddca9e7af14ca66496189fb2e21a30f4d4cb6591f4503325e9aa9ec53c665b433fbc54b20fa860d0821e152d791fb1a39758f042bdf1033a100a5f252b3065de25d771bbd8eef3b94f801e8e857feb86d4a1823730bbc95fcac47332d1431dbd15dfe8c4566dfdf1d15f51
07e44ad05164a4a91cf230da2125e6a5d30e7641309342234aec6b7ed4a18f2c972d30f9521aee3f638f1c4e185e0f1e7976797b7c91c6b304940cdac8347ef9a497cd4a7a0ffc5862ce0573ca596830c76053e9bdd0d7826ee9030ec7d8ed7b3de3d376b859f46bd497d17e0e19c78e2e0a7b31e1d09e1341765f46855bdd0597ad2016e9149b6c59d1b16fe5b5005b9dd85e87a6412d1493aa7239bde799bb
13769adf209d3f2e2cc0f3cb4147fa6faba6fe7c158e1ee1bf0539a4452fd4a70ed85c79eb5cfa705d831458bc79d2c2eb4181dfbdb1a47a5401a82b866a20ca1a4ace3a8ae0d2585dc481b162b2172f8a9204530fd60cfb44e30f405f5e035f0413a1e2c721be20338b2eaa1dc0164abb676123f1eae63c88fae8f69de8eed019a73832db3c95321402105a77252ab8cbff6c13ac964c17a66202ff34becc77
c283acade2a9c6c812afb8b1014453051bf7ae25a5ad17425e62b129ecb98f05072fe67daaa056cefec3c2f6188922b3beefa4115d55e98b495a4d88b59116e8e001870e13c66c88131631c615ee6ac9ca4839cf72997b2d8f7736ba1ee742ab0ff36dff8f311c19445a26ce0d6b60af4718c14de6fb150dddef09aa235733b78f1736a145541439140b69ef005871febc589e831d441749443a06cd2d831fdd
ad95c71bc5b45192ec9d246d7b99977b2f2b8a6f234276d3398a2e65836fed054933b9a7df5e2a1b2ee0c89daf6dcb0fbd234b17290eb9adfed2519755589b77b01bb94328936cdec90cad53ffd0d2a44e88894092c606b37e18e403c1a1b853a5c087d3f4f631154a8270bc0bde6deae9f7a38faad42a02a4956abcec4839928b678214058e336b5deb46bd8f4d028424495606e34866a9ac07a66558f6b01b
c86d7b80b2097a40d32770b253b5b8c56d77b8e5135073df7ff139b4d501739372f419bd34614db1609547d2134fbb1a7954c9b76bc8cf824b414277fe8da46ef6b8ec720c83e3bff013c68c232ba17d010389af0f3c45e1a94337bf96700825202d014e6abcdf77d7413b6239ad106b951373b9a0aa541c21cca4f03cc7808045e680fa61eab1f5270507c36b29c654badd535c40e563d50d57298b498746f9
02d9ef4cbe2e5af0b3637b9046c1bc70ad124d121767d098b9dce0666a28360e0d44241d7f43e059ee5902ad6176cc63d6a3f0358b6791a206bd6a56cd6a90e3137b80e3df532eb901b539e6f3c51d4c67cdaa70c48a6961b56918df4f73329b09fe7aff0404f80c8e3ab4a200eb92cb67716020ea3dbb226eafec14176f3f65101081ff98f81e98a9507caefb756f72256800c9e4217e257917342d27ab0718
8cbeb8b6742506a7f70e7e345572510d344f85fcd7b4a01e3e86b4369afa3d59671573d870aa459d262b5215499ce86572b5629488ab2e06cfc2bf0eaa5826c08d4eb99ec26b4feba7dcb9fb30e5aa7ba4db83212cf3f8b2faf1ee747410a3c9465c364f5b9ab8b47718c3a642ea4e48b5759322e0893462acadd3d8030c0d862545e2a3146ecf4e294f9823f68817dff2f4e46f274732166261a4a233bdca3d
3f368f5d474132b99499f71becc2913e558925c46e2488c8bea2eb4878088c1545cf6897946672de7b4d11f62e02a0babdfd9c9dcce9fcd33d5ba39cf902082eb1de8656302c5416af703acc1db45cf5a44a689745165b44fb16b17d41d09861250ddd33a5babbde3dcd964449d75b8e53939764c0c0144cd853c198711ca7fa2e4aac984e578dc41ce36bbed3e63f3f585cc67ceca51b2ec27ee90aba952347
2fba7e40b15d47b2573581e54d9f2c83e39abfe01adcb92e0bde8e06dae407fb09abb578ddce939ea369d54e9a8092822659857eba556d078c87d6c876f706583edf7e78b0809597b08caef5d782579271816d603929dffd78deb7859e13620704a8579db7e16ba05c2b61379608e6ade0838addd8cb1a1f365e410bafb6ecaa36d71610cbac27557fabdf86215401fc1a57d496b05bf40f77326fe75fa2d363
5b9ad035326c344b51440524c192a74d9f87ed356387dfa109c4855af2d116f240a1c9d04b1262bfb306f70a33aa9adaeca0d6ce7c8b7158507a35c39a43f69484bbe994d691825195b14bf4fc1a35eae47d809e01c25ed359601b4634a9b0b35e658a76023f10b76cc3f5b5ea4efa1c0d1c07a0af98dcb3691c6fc5aaf85b966609c40ccaeb54687eb000009fc4b3e394932c926e1c8e178cead473ad966161
43e9c416fa608ddfd236572b26ead9fc4d163e6cd9b0a70c3b92065cb95365c71ed637318ae7619bcb871cab97e78e975ee800d73aad1bc111ab3c2801916da66cf5e0343195b898a240151e499978b2be15947f2925f7e583aea6a60fd33f2f069c998144aa258370402b33614bc658ba98b7a16fa873770575de0c7cad35da386a3dffe0d821e7e02bde7bfd7985c3024ca11671a9bdba871571cf9b8f5464
662b84f66d824e863b8afab6710f02cbbc5c20d2f305293fd4782c6b7fee25501819e4012245540a2b425162feffbd6769da7f688e3466e5a6c6455abd3fc0fdad90740960564a659ff6a2f4e1b274c2b98ef9c62006496caf514e6d117ee73d2853e21466308d566e48b700718419ad5d1ed944e32b16cbb5c8f48197613aaf44fa9bf54061a12f9768d4c6ce6f3e9129fe4cf04eda93187594d85d1291d023
5f5cd228e108c50a4dffc39c950b4956528f198cf06b075555c529a9aaef6b4620eb82fbb7d976cc0219390684386087392ea88573e500d05c902b8edb4608ac6edcfc0cf48814b4d012f7fa1297b9df95b7f46517e9199867f48091b37c97ed4017420ac1aae96246db56c9d3188b049979f340bf2421d74f56817d8149d4b415bc96988e68ddc2feeaf0f51046d9e6e3568f850eca740174e6260f87762132
24e87b4f240a32d6360201842fa4e71972528d6d1da576a54f7c89fc42afd0fd13f9d4571920b21866eb971a14d6e96a3a5980cc144088318fcb19e1f4fc96b47d0581f5a0d318b7d5fb0930d7334563d7c5ca7fedff0d16874cd3d732fa9cfd6d1b54385acd58a7273d94f61c5907fa9f62227ab10f3d0912fc4553f4b74de76861af8f4aa577450fef5553702a12f18c646dccca6c8f3f23aba663885afcce
2457343fdcb2c361b604537d5c186296fb4c8521576feb944f23cc237a60c9c5346d503a5adff28f70b905321627418d3f910c9bf4c3de5ca76ce913220c2dce6a03d0575959ab52d06d83d2bdacd2e4f80f6e38e4c467ec58cacbb00d4d2edb27eda4049b9a056b8dfe524c252f10346611b38bd37c0eeb0b37c8644258f99d2b40eaeaa7a91be95dbcb50aa19be7d31ca0ffcbf9ec82d958081c8b40c68a5d
ec71a5f64499f628716e2a04d5fdfa4884af50c6e0e84bc47b8f9e23ac459491d5d8ba5c5e727184077046470a6feede6c927fad5146892091e88f791c0ed69ef5ee38f317ab3693dcddac8cb4b071def6c9576e30a28ec61a9ccae466819415c5516130c2cc40aa34097a2f3854c60b5deb5888b1dc8bd21f71545463ad1656c57692feb6bf68cd88f5714e79d0b06289e79c2fc58c2f13dd00cdfb070839ca
d436ba4745a2b5e152a3573db565d61f055d48a24cb3b8bc284331bbc988de28e91b03e36f5118a413cb744830bccc986861bd7dcb3b83c0defbe4378aaa2899ffbdbc8673f07307d50e4efe9ac54880bfa103c4e9e8d968f0d801fb1e98df61b09b801cc8d9067eeb0d21645d1cd294078300acd6814c3ad37fcdf05330fca03bcd10e01b5cf0ef306ec983fbb853d8ab95fa00cfcfaa8cdf4660120153b9df
d5dec5b3cd3093e9e78b2778ab36aafa38b707b36a02f543b857f5447a59d481e0e0dda1ef9c754b0410b78c11efa403b3e6219b8e5341369fda3bdc27921c08ea28caab688467e463f588f53aca0e26b0408a75a83eb3cc95fb5f2d99de64099d2e150c376b7dd1e6ca0ab45ca75d75115b4dd6e4394c5b065edf4a64bd60933bbb909ac3e4d79e69fb838b87b9b56a6d9a4cdf8be2b96cf08ec1af3f0bffa8
6fbfddd137c58da446669856990eb277f3356ccf6f9991392b2d523b62977d3943d9fab4bf1337a4493f272734853669cadbfc05cccbe15edd1a80deec8a9eaa777180dad709973f4e94e70a1c1742a35af82ab933bafddb496a731f778360ad4b7d72d9660501a4d8a7fe912406a9c6bee112600cb8502f342125befc369ccc1629a602b9f9f0b4b971912cdfe3942256612ad9ae0d951f7cf46ebe199890a3
04adc86826b75491fc5eabf45925ee5d7612e1666c79f0306f643869a06881653431178bc9a9a539149a7072425f1c49ee1894ab2aa5aa615c3ee90e05b7539764e80f351756d6d66d52c4274eb644da8f267ebcef6ae4122c738346e230a5d762fa0cae410bb5de321c9b12175cc366409f3ff999510d33a60152e539c741182b6591ea4ff482e553c5d2a5d657f047737c7b4e5913ce897dfedc1fbea0789e
0150bcfecc0810228ec171d02bead8359bf2553a74448438900afc70b087dc0c012ae5f0e02268bc5b95f5ba86dfa96e387b47eb9d7ba370be825f91c898bb3318b344c089aa030d8521195e0329022d069945c0a770637a3511f166f0c664271592243f3a07631c1e9ff489a04d1e9412aec77209bba44c2b99b0e1754c9f6015be914c7faf1900977b55f4143f5ceb22119139fe0da7eaf2d711b058a26f9a
04ba5aa5ca8edc39cc9be93d3eefd897fa1550eb050f684e5bf95857b59d75380638b2e1ad64545fd80bd4e37298a72e8d2f2699eb323cdaf3c2ac61f6ce4c9009b38fc13aad8902f630ba19f64f94f3b4bda07c84b46bbbe651dbdcc7eff5f7010e111ca1eeb4d2073b5cd33a18089b8fbbbff764832a8f01fdc70233d581e601e917e2e55a60f849c2ac7cc61f0213b93d7efac53cd4f325ea301060a7625b
038f78795132a91811602d242e78232ab8fd8b0b2c53c87b7d7104ffaa2ebb2a11540c7c6d8d9bd556a65187bf1f0ec28c8d5c8c3f80abbd1f9fbd2754aa785214c863fabd2698773c7c7a7ecee06b87a34a2452d7823521b1d7942a9cba68db0d4c7e07d49ea6b8de01dfd194d080e01b964ad2cf7acf77b66ed692060e654213527d84ff42a08f15f15c07d70bf1cc02831dcf4f2a6b074994a28c0dbfcd88
2f8be4a77078ae5bc8d7e473ae26e499b91506f4f26a02758181e11b031bfddf0fdf9a330648a3028a421bb4b0860c34592c765b818411d12119930ab4dc951e53edc7bb15ee5e3b49e7f18ab9dd6822f8271ec9f0d7acb64e5eb061edd74161277b0234ec3c9ea4182e99db9739ad9461b9ebbb903300b0276ba4d3ef27824318f2333d7a7955319758d247130bf6fa5fe2f12ed6f4b4221081a15669b850df
704366b76f3cdb3b4a7297816c75400ba0dc3ce2aff3c79f89c520cbfd0223c6a785db1091b6e034115b098251b60a78580e4297257aef1a068af06990d1d1f4ee4c1b1d1891b3157c98bc44552a53e760b4529dc47cb08e2c522b0b7f8fcb47e3a47d5b30610c378f43c468ed0a57e66aef12e174717200fe7dfbd859d461d580d656eb871d035e217b4b0dead366dd1cc41805340ae54d44bb56b6ec4049bf
13f35bc01f4de10bf6b3e097c071e4896d7978aa5ed2d2b0b548e7c33edf15ee32e3a3f325234f38f0cfac6b874892dbf7f2be1851ec9ca34c42ac13c35ea16b3d79285614bce8045ac452478d37f6161350c8b60eb79faf796dee2e29a189a5276237e1bd6cd836480c789e046c458c73582447e87080a8705bc84f5f9e073701572242370a0a0b9a5d8f6a51b8c3a9016005ab20941b857876522211f16937
93924432e61faf48344075d3ec4b8458ee395b6ce8bce4f4af045eaa0c5a40416bf802cb5cfd2fdbd932ebd9f89ce754ed9ae638ccb9b2d981f09eb17710fdfd9ef8243e10db569adc889ca33555b2d12f5d543618f6965505a88b0ea89875690a46efe374bad8c936d24b57f1e92df10ef8500e84eb977229334486c3ae8d077be6659466427d14964592d348e7ae09434d74de2bf879a3b90924d63407e130
